segmentid,street,postvz_sl,postvz_sg,prevz_sl,prevz_sg,version
"83654",NORTHERN BOULEVARD,"25",YES,"30",YES,19d
"83656",NORTHERN BL SR SOUTH,"25",YES,"30",YES,19d
"83658",NORTHERN BL SR NORTH,"25",YES,"30",YES,19d
"83666",NORTHERN BL SR NORTH,"25",YES,"30",YES,19d
"83670",NORTHERN BL SR SOUTH,"25",YES,"30",YES,19d
"83673",NORTHERN BL SR NORTH,"25",YES,"30",YES,19d
"83678",NORTHERN BL SR NORTH,"25",YES,"30",YES,19d
"83693",NORTHERN BL SR NORTH,"25",YES,"30",YES,19d
"83776",NORTHERN BL SR SOUTH,"25",YES,"30",YES,19d
"83781",NORTHERN BL SR NORTH,"25",YES,"30",YES,19d
"83790",NORTHERN BL SR SOUTH,"25",YES,"30",YES,19d
"83797",NORTHERN BL SR NORTH,"25",YES,"30",YES,19d
"83816",NORTHERN BL SR NORTH,"25",YES,"30",YES,19d
"83898",NORTHERN BL SR SOUTH,"25",NO,"30",NO,19d
"83899",NORTHERN BL SR SOUTH,"25",YES,"30",YES,19d
"83903",NORTHERN BL SR SOUTH,"25",NO,"30",NO,19d
"83904",NORTHERN BL SR SOUTH,"25",YES,"30",YES,19d
"83908",NORTHERN BL SR NORTH,"25",YES,"30",YES,19d
"83919",NORTHERN BL SR NORTH,"25",YES,"30",YES,19d
"84027",NORTHERN BL SR SOUTH,"25",YES,"30",YES,19d
"84030",NORTHERN BL SR SOUTH,"25",YES,"30",YES,19d
"84169",NORTHERN BL SR SOUTH,"25",NO,"30",NO,19d
"84174",NORTHERN BL SR SOUTH,"25",NO,"30",NO,19d
"84197",NORTHERN BL SR SOUTH,"25",NO,"30",NO,19d
"84212",NORTHERN BOULEVARD,"25",YES,"30",YES,19d
"84220",NORTHERN BOULEVARD,"25",YES,"30",YES,19d
"91329",NORTHERN BOULEVARD,"25",YES,"30",YES,19d
"91424",NORTHERN BOULEVARD,"25",YES,"30",YES,19d
"91439",NORTHERN BOULEVARD,"25",YES,"30",YES,19d
"91540",NORTHERN BOULEVARD,"25",YES,"30",YES,19d
"91546",NORTHERN BOULEVARD,"25",YES,"30",YES,19d
"91702",NORTHERN BOULEVARD,"25",YES,"30",YES,19d
"91706",NORTHERN BOULEVARD,"25",YES,"30",YES,19d
"91712",NORTHERN BOULEVARD,"25",YES,"30",YES,19d
"91718",NORTHERN BOULEVARD,"25",YES,"30",YES,19d
"91815",NORTHERN BOULEVARD,"25",YES,"30",YES,19d
"91821",NORTHERN BOULEVARD,"25",YES,"30",YES,19d
"91826",NORTHERN BOULEVARD,"25",YES,"30",YES,19d
"91828",NORTHERN BOULEVARD,"25",YES,"30",YES,19d
"91917",NORTHERN BOULEVARD,"25",YES,"30",YES,19d
"91920",NORTHERN BOULEVARD,"25",YES,"30",YES,19d
"91926",NORTHERN BOULEVARD,"25",YES,"30",YES,19d
"91929",NORTHERN BOULEVARD,"25",YES,"30",YES,19d
"92015",NORTHERN BOULEVARD,"25",YES,"30",YES,19d
"92023",NORTHERN BOULEVARD,"25",YES,"30",YES,19d
"92027",NORTHERN BOULEVARD,"25",YES,"30",YES,19d
"92097",NORTHERN BOULEVARD,"25",YES,"30",YES,19d
"92112",NORTHERN BOULEVARD,"25",YES,"30",YES,19d
"92117",NORTHERN BOULEVARD,"25",YES,"30",YES,19d
"97015",NORTHERN BOULEVARD,"25",YES,"30",YES,19d
"97019",NORTHERN BOULEVARD,"25",YES,"30",YES,19d
"97025",NORTHERN BOULEVARD,"25",YES,"30",YES,19d
"97164",NORTHERN BOULEVARD,"25",YES,"30",YES,19d
"97170",NORTHERN BOULEVARD,"25",YES,"30",YES,19d
"97172",NORTHERN BOULEVARD,"25",YES,"30",YES,19d
"97306",NORTHERN BOULEVARD,"25",YES,"30",YES,19d
"97309",NORTHERN BOULEVARD,"25",YES,"30",YES,19d
"97311",NORTHERN BOULEVARD,"25",YES,"30",YES,19d
"97314",NORTHERN BOULEVARD,"25",YES,"30",YES,19d
"97467",NORTHERN BOULEVARD,"25",YES,"30",YES,19d
"97469",NORTHERN BOULEVARD,"25",YES,"30",YES,19d
"97621",NORTHERN BOULEVARD,"25",YES,"30",YES,19d
"97629",NORTHERN BOULEVARD,"25",YES,"30",YES,19d
"97782",NORTHERN BOULEVARD,"25",YES,"30",YES,19d
"97794",NORTHERN BOULEVARD,"25",YES,"30",YES,19d
"97997",NORTHERN BOULEVARD,"25",YES,"30",YES,19d
"98002",NORTHERN BOULEVARD,"25",YES,"30",YES,19d
"98005",NORTHERN BOULEVARD,"25",YES,"30",YES,19d
"98006",NORTHERN BOULEVARD,"25",YES,"30",YES,19d
"98008",NORTHERN BOULEVARD,"25",YES,"30",YES,19d
"98013",NORTHERN BOULEVARD,"25",YES,"30",YES,19d
"98204",NORTHERN BOULEVARD,"25",YES,"30",YES,19d
"98207",NORTHERN BOULEVARD,"25",YES,"30",YES,19d
"98209",NORTHERN BOULEVARD,"25",YES,"30",YES,19d
"98212",NORTHERN BOULEVARD,"25",YES,"30",YES,19d
"98215",NORTHERN BOULEVARD,"25",YES,"30",YES,19d
"98354",NORTHERN BOULEVARD,"25",YES,"30",YES,19d
"98359",NORTHERN BOULEVARD,"25",YES,"30",YES,19d
"98363",NORTHERN BOULEVARD,"25",YES,"30",YES,19d
"98368",NORTHERN BOULEVARD,"25",YES,"30",YES,19d
"98535",NORTHERN BOULEVARD,"25",YES,"30",YES,19d
"98537",NORTHERN BOULEVARD,"25",YES,"30",YES,19d
"98539",NORTHERN BOULEVARD,"25",YES,"30",YES,19d
"98541",NORTHERN BOULEVARD,"25",YES,"30",YES,19d
"101099",NORTHERN BOULEVARD,"25",YES,"30",YES,19d
"101101",NORTHERN BOULEVARD,"25",YES,"30",YES,19d
"101103",NORTHERN BOULEVARD,"25",YES,"30",YES,19d
"101105",NORTHERN BOULEVARD,"25",YES,"30",YES,19d
"101108",NORTHERN BOULEVARD,"25",YES,"30",YES,19d
"101109",NORTHERN BOULEVARD,"25",YES,"30",YES,19d
"101202",NORTHERN BOULEVARD,"25",YES,"30",YES,19d
"101215",NORTHERN BOULEVARD,"25",YES,"30",YES,19d
"101308",NORTHERN BOULEVARD,"25",YES,"40",YES,19d
"101309",NORTHERN BOULEVARD,"25",YES,"40",YES,19d
"101312",LITTLE NECK BRIDGE,"25",YES,"40",YES,19d
"101422",NORTHERN BOULEVARD,"25",YES,"40",YES,19d
"101647",NORTHERN BOULEVARD,"25",YES,"30",YES,19d
"101651",NORTHERN BOULEVARD,"25",YES,"30",YES,19d
"101653",NORTHERN BOULEVARD,"25",YES,"30",YES,19d
"101658",NORTHERN BOULEVARD,"25",YES,"30",YES,19d
"101755",NORTHERN BOULEVARD,"25",YES,"30",YES,19d
"101756",NORTHERN BOULEVARD,"25",YES,"30",YES,19d
"101759",NORTHERN BOULEVARD,"25",YES,"30",YES,19d
"101760",NORTHERN BOULEVARD,"25",YES,"30",YES,19d
"101769",NORTHERN BOULEVARD,"25",YES,"30",YES,19d
"101772",NORTHERN BOULEVARD,"25",YES,"30",YES,19d
"101863",NORTHERN BOULEVARD,"25",YES,"30",YES,19d
"101866",NORTHERN BOULEVARD,"25",YES,"30",YES,19d
"101867",NORTHERN BOULEVARD,"25",YES,"30",YES,19d
"101869",NORTHERN BOULEVARD,"25",YES,"30",YES,19d
"102394",NORTHERN BOULEVARD,"25",YES,"30",YES,19d
"107769",NORTHERN BOULEVARD,"25",YES,"30",YES,19d
"113897",NORTHERN BL SR SOUTH,"25",NO,"30",NO,19d
"113898",NORTHERN BL SR SOUTH,"25",NO,"30",NO,19d
"114173",NORTHERN BOULEVARD,"25",YES,"30",YES,19d
"114390",NORTHERN BOULEVARD,"25",NO,"30",YES,19d
"114392",NORTHERN BOULEVARD,"25",NO,"30",YES,19d
"116881",NORTHERN BOULEVARD,"25",YES,"30",YES,19d
"116882",NORTHERN BOULEVARD,"25",YES,"30",YES,19d
"117201",NORTHERN BOULEVARD,"25",YES,"30",YES,19d
"117202",NORTHERN BOULEVARD,"25",YES,"30",YES,19d
"117219",NORTHERN BOULEVARD,"25",YES,"30",YES,19d
"117220",NORTHERN BOULEVARD,"25",YES,"30",YES,19d
"117260",NORTHERN BOULEVARD,"25",YES,"30",YES,19d
"117626",NORTHERN BOULEVARD,"25",YES,"30",YES,19d
"117627",NORTHERN BOULEVARD,"25",YES,"30",YES,19d
"119622",NORTHERN BOULEVARD,"25",YES,"30",YES,19d
"122224",NORTHERN BL SR SOUTH,"25",YES,"30",YES,19d
"122225",NORTHERN BL SR SOUTH,"25",YES,"30",NO,19d
"122352",NORTHERN BOULEVARD,"25",YES,"40",YES,19d
"122353",NORTHERN BOULEVARD,"25",YES,"40",YES,19d
"133152",NORTHERN BOULEVARD,"25",YES,"30",YES,19d
"133153",NORTHERN BOULEVARD,"25",YES,"30",YES,19d
"133154",NORTHERN BOULEVARD,"25",YES,"30",YES,19d
"133155",NORTHERN BOULEVARD,"25",YES,"30",YES,19d
"133156",NORTHERN BOULEVARD,"25",YES,"30",YES,19d
"137965",NORTHERN BOULEVARD,"25",YES,"30",YES,19d
"142492",NORTHERN BOULEVARD,"25",YES,"30",YES,19d
"142493",NORTHERN BOULEVARD,"25",YES,"30",YES,19d
"142494",NORTHERN BOULEVARD,"25",YES,"30",YES,19d
"142496",NORTHERN BOULEVARD,"25",YES,"30",YES,19d
"144792",NORTHERN BOULEVARD,"25",NO,"30",YES,19d
"144793",NORTHERN BOULEVARD,"25",NO,"30",YES,19d
"144794",NORTHERN BOULEVARD,"25",NO,"30",YES,19d
"144795",NORTHERN BOULEVARD,"25",YES,"30",YES,19d
"147079",NORTHERN BOULEVARD,"25",YES,"30",YES,19d
"147080",NORTHERN BOULEVARD,"25",YES,"30",YES,19d
"147081",NORTHERN BOULEVARD,"25",YES,"30",YES,19d
"147082",NORTHERN BOULEVARD,"25",YES,"30",YES,19d
"147114",NORTHERN BOULEVARD,"25",YES,"30",YES,19d
"147116",NORTHERN BOULEVARD,"25",YES,"30",YES,19d
"147117",NORTHERN BOULEVARD,"25",YES,"30",YES,19d
"147118",NORTHERN BOULEVARD,"25",YES,"30",YES,19d
"147119",NORTHERN BOULEVARD,"25",YES,"30",YES,19d
"147120",NORTHERN BOULEVARD,"25",YES,"30",YES,19d
"147121",FLUSHING BRIDGE,"25",YES,"30",YES,19d
"147122",NORTHERN BOULEVARD,"25",YES,"30",YES,19d
"147123",FLUSHING BRIDGE,"25",YES,"30",YES,19d
"147124",FLUSHING BRIDGE,"25",YES,"30",YES,19d
"155671",NORTHERN BOULEVARD,"25",YES,"30",YES,19d
"155707",NORTHERN BOULEVARD,"25",YES,"30",YES,19d
"155815",NORTHERN BOULEVARD,"25",YES,"30",YES,19d
"155996",FLUSHING BRIDGE,"25",YES,"30",YES,19d
"156171",NORTHERN BOULEVARD,"25",YES,"30",YES,19d
"156197",NORTHERN BOULEVARD,"25",YES,"30",YES,19d
"156371",NORTHERN BOULEVARD,"25",YES,"30",YES,19d
"156403",NORTHERN BOULEVARD,"25",YES,"30",YES,19d
"156435",NORTHERN BOULEVARD,"25",YES,"30",YES,19d
"156658",NORTHERN BOULEVARD,"25",YES,"30",YES,19d
"156765",NORTHERN BOULEVARD,"25",YES,"30",YES,19d
"156861",NORTHERN BOULEVARD,"25",YES,"30",YES,19d
"157182",NORTHERN BOULEVARD,"25",YES,"30",YES,19d
"157231",NORTHERN BOULEVARD,"25",YES,"30",YES,19d
"157289",NORTHERN BOULEVARD,"25",YES,"30",YES,19d
"157298",NORTHERN BOULEVARD,"25",YES,"30",YES,19d
"157376",NORTHERN BOULEVARD,"25",YES,"30",YES,19d
"157447",NORTHERN BOULEVARD,"25",YES,"30",YES,19d
"177579",NORTHERN BL SR SOUTH,"25",YES,"30",YES,19d
"177580",NORTHERN BL SR SOUTH,"25",YES,"30",YES,19d
"177597",NORTHERN BL SR NORTH,"25",YES,"30",YES,19d
"177598",NORTHERN BL SR NORTH,"25",YES,"30",YES,19d
"177605",NORTHERN BL SR SOUTH,"25",YES,"30",YES,19d
"177606",NORTHERN BL SR SOUTH,"25",NO,"30",NO,19d
"177630",NORTHERN BOULEVARD,"25",YES,"30",YES,19d
"180802",NORTHERN BOULEVARD,"25",YES,"30",YES,19d
"180803",NORTHERN BOULEVARD,"25",YES,"30",YES,19d
"180914",NORTHERN BOULEVARD,"25",YES,"30",YES,19d
"180915",NORTHERN BOULEVARD,"25",YES,"30",YES,19d
"180922",NORTHERN BOULEVARD,"25",YES,"30",YES,19d
"180923",NORTHERN BOULEVARD,"25",YES,"30",YES,19d
"182050",NORTHERN BOULEVARD,"25",YES,"30",YES,19d
"182051",NORTHERN BOULEVARD,"25",YES,"30",YES,19d
"182057",NORTHERN BOULEVARD,"25",YES,"40",YES,19d
"182058",NORTHERN BOULEVARD,"25",YES,"40",YES,19d
"184859",NORTHERN BOULEVARD,"25",NO,"30",YES,19d
"184860",NORTHERN BOULEVARD,"25",NO,"30",YES,19d
"184861",NORTHERN BOULEVARD,"25",NO,"30",YES,19d
"184862",NORTHERN BOULEVARD,"25",NO,"30",YES,19d
"185237",NORTHERN BOULEVARD,"25",YES,"30",YES,19d
"185238",NORTHERN BOULEVARD,"25",YES,"30",YES,19d
"188265",NORTHERN BOULEVARD,"25",YES,"30",YES,19d
"188266",NORTHERN BOULEVARD,"25",YES,"30",YES,19d
"188269",NORTHERN BOULEVARD,"25",YES,"30",YES,19d
"188270",NORTHERN BOULEVARD,"25",YES,"30",YES,19d
"192191",NORTHERN BOULEVARD,"25",NO,"30",YES,19d
"192378",NORTHERN BL SR NORTH,"25",YES,"30",YES,19d
"192379",NORTHERN BL SR NORTH,"25",YES,"30",YES,19d
"192620",NORTHERN BL SR SOUTH,"25",YES,"30",YES,19d
"193880",NORTHERN BOULEVARD,"25",YES,"40",YES,19d
"231050",NORTHERN BOULEVARD,"25",YES,"40",YES,19d
"231051",NORTHERN BOULEVARD,"25",YES,"40",YES,19d
"231086",NORTHERN BOULEVARD,"25",YES,"30",YES,19d
"231087",NORTHERN BOULEVARD,"25",YES,"30",YES,19d
"238928",NORTHERN BOULEVARD,"25",YES,"40",YES,19d
"238929",NORTHERN BOULEVARD,"25",YES,"40",YES,19d
"258529",NORTHERN BOULEVARD,"25",YES,"30",YES,19d
"258530",NORTHERN BOULEVARD,"25",YES,"30",YES,19d
"279147",NORTHERN BOULEVARD,"25",YES,"40",YES,19d
"279148",NORTHERN BOULEVARD,"25",YES,"40",YES,19d
"280913",NORTHERN BL SR NORTH,"25",YES,"30",YES,19d
"280914",NORTHERN BL SR NORTH,"25",YES,"30",YES,19d
"307965",NORTHERN BL SR SOUTH,"25",YES,"30",YES,19d
"307966",NORTHERN BL SR SOUTH,"25",YES,"30",YES,19d
"308153",NORTHERN BL SR SOUTH,"25",YES,"30",YES,19d
"308154",NORTHERN BL SR SOUTH,"25",YES,"30",YES,19d
"308212",NORTHERN BL SR SOUTH,"25",YES,"30",YES,19d
"308319",NORTHERN BL SR NORTH,"25",YES,"30",YES,19d
"308328",NORTHERN BL SR NORTH,"25",YES,"30",YES,19d
"308329",NORTHERN BL SR NORTH,"25",YES,"30",YES,19d
"308337",NORTHERN BL SR SOUTH,"25",YES,"30",YES,19d
"308338",NORTHERN BL SR SOUTH,"25",YES,"30",YES,19d
"308339",NORTHERN BL SR NORTH,"25",YES,"30",YES,19d
"308340",NORTHERN BL SR NORTH,"25",YES,"30",YES,19d
"70148",BRUCKNER BOULEVARD,"25",YES,"30",YES,19d
"70327",BRUCKNER BOULEVARD,"25",YES,"35",YES,19d
"77187",BRUCKNER BOULEVARD,"25",YES,"35",YES,19d
"77301",BRUCKNER BOULEVARD,"25",YES,"35",YES,19d
"77370",BRUCKNER BOULEVARD,"25",YES,"35",YES,19d
"77394",BRUCKNER BOULEVARD,"25",YES,"35",YES,19d
"77402",BRUCKNER BOULEVARD,"25",YES,"35",YES,19d
"77484",BRUCKNER BOULEVARD,"25",YES,"35",YES,19d
"77491",BRUCKNER BOULEVARD,"25",YES,"35",YES,19d
"77523",BRUCKNER BOULEVARD,"25",YES,"35",YES,19d
"77637",BRUCKNER BOULEVARD,"25",NO,"30",NO,19d
"77744",BRUCKNER BOULEVARD,"25",YES,"35",YES,19d
"77748",BRUCKNER BOULEVARD,"25",YES,"35",YES,19d
"77847",BRUCKNER BOULEVARD,"25",YES,"35",YES,19d
"77851",BRUCKNER BOULEVARD,"25",YES,"35",YES,19d
"77876",BRUCKNER BOULEVARD,"25",YES,"35",YES,19d
"77879",BRUCKNER BOULEVARD,"25",YES,"35",YES,19d
"77880",BRUCKNER BOULEVARD,"25",YES,"35",YES,19d
"77881",BRUCKNER BOULEVARD,"25",YES,"35",YES,19d
"77954",BRUCKNER BOULEVARD,"25",YES,"35",YES,19d
"77955",BRUCKNER BOULEVARD,"25",YES,"35",YES,19d
"77956",BRUCKNER BOULEVARD,"25",YES,"35",YES,19d
"77958",BRUCKNER BOULEVARD,"25",YES,"35",YES,19d
"77959",BRUCKNER BOULEVARD,"25",YES,"35",YES,19d
"78009",BRUCKNER BOULEVARD,"25",YES,"35",YES,19d
"78011",BRUCKNER BOULEVARD,"25",YES,"35",YES,19d
"78017",BRUCKNER BOULEVARD,"25",YES,"35",YES,19d
"78058",BRUCKNER BOULEVARD,"25",YES,"35",YES,19d
"78063",BRUCKNER BOULEVARD,"25",YES,"35",YES,19d
"78088",BRUCKNER BOULEVARD,"25",YES,"35",YES,19d
"78095",BRUCKNER BOULEVARD,"25",YES,"35",YES,19d
"78099",BRUCKNER BOULEVARD,"25",YES,"35",YES,19d
"85090",BRUCKNER BOULEVARD,"25",YES,"35",YES,19d
"85091",BRUCKNER BOULEVARD,"25",YES,"35",YES,19d
"85155",BRUCKNER BOULEVARD,"25",YES,"35",YES,19d
"85214",BRUCKNER BOULEVARD,"25",YES,"35",YES,19d
"85218",BRUCKNER BOULEVARD,"25",YES,"35",YES,19d
"86088",BRUCKNER BOULEVARD,"25",YES,"35",YES,19d
"86100",BRUCKNER BOULEVARD,"25",YES,"35",YES,19d
"86101",BRUCKNER BOULEVARD,"25",YES,"35",YES,19d
"86102",BRUCKNER BOULEVARD,"25",YES,"35",YES,19d
"86258",BRUCKNER BOULEVARD,"25",YES,"35",YES,19d
"86260",BRUCKNER BOULEVARD,"25",YES,"35",YES,19d
"86270",BRUCKNER BOULEVARD,"25",YES,"35",YES,19d
"86383",BRUCKNER BOULEVARD,"25",YES,"35",YES,19d
"86397",BRUCKNER BOULEVARD,"25",YES,"35",YES,19d
"86402",BRUCKNER BOULEVARD,"25",YES,"35",YES,19d
"86535",BRUCKNER BOULEVARD,"25",YES,"35",YES,19d
"86541",BRUCKNER BOULEVARD,"25",YES,"35",YES,19d
"86696",BRUCKNER BOULEVARD,"25",YES,"35",YES,19d
"86740",BRUCKNER BOULEVARD,"25",YES,"35",YES,19d
"86745",BRUCKNER BOULEVARD,"25",YES,"35",YES,19d
"86885",BRUCKNER BOULEVARD,"25",YES,"35",YES,19d
"86886",BRUCKNER BOULEVARD,"25",YES,"35",YES,19d
"86897",BRUCKNER BOULEVARD,"25",YES,"35",YES,19d
"86898",BRUCKNER BOULEVARD,"25",YES,"35",YES,19d
"86905",BRUCKNER BOULEVARD,"25",YES,"35",YES,19d
"86909",BRUCKNER BOULEVARD,"25",YES,"35",YES,19d
"86969",BRUCKNER BOULEVARD,"25",YES,"35",YES,19d
"86977",BRUCKNER BOULEVARD,"25",YES,"35",YES,19d
"87134",BRUCKNER BOULEVARD,"25",YES,"35",YES,19d
"87150",BRUCKNER BOULEVARD,"25",YES,"35",YES,19d
"87154",BRUCKNER BOULEVARD,"25",YES,"35",YES,19d
"87157",BRUCKNER BOULEVARD,"25",YES,"35",YES,19d
"87166",BRUCKNER BOULEVARD,"25",YES,"35",YES,19d
"87170",BRUCKNER BOULEVARD,"25",YES,"35",YES,19d
"87294",BRUCKNER BOULEVARD,"25",YES,"35",YES,19d
"87325",BRUCKNER BOULEVARD,"25",YES,"35",YES,19d
"87333",BRUCKNER BOULEVARD,"25",YES,"35",YES,19d
"94172",BRUCKNER BOULEVARD,"25",YES,"35",YES,19d
"94178",BRUCKNER BOULEVARD,"25",YES,"35",YES,19d
"94183",BRUCKNER BOULEVARD,"25",YES,"35",YES,19d
"94188",BRUCKNER BOULEVARD,"25",YES,"35",YES,19d
"94191",BRUCKNER BOULEVARD,"25",YES,"35",YES,19d
"94204",BRUCKNER BOULEVARD,"25",YES,"35",YES,19d
"94342",BRUCKNER BOULEVARD,"25",YES,"35",YES,19d
"94344",BRUCKNER BOULEVARD,"25",YES,"35",YES,19d
"94347",BRUCKNER BOULEVARD,"25",YES,"35",YES,19d
"94351",BRUCKNER BOULEVARD,"25",YES,"35",YES,19d
"94352",BRUCKNER BOULEVARD,"25",YES,"35",YES,19d
"94354",BRUCKNER BOULEVARD,"25",YES,"35",YES,19d
"94356",BRUCKNER BOULEVARD,"25",YES,"35",YES,19d
"94358",BRUCKNER BOULEVARD,"25",YES,"35",YES,19d
"94362",BRUCKNER BOULEVARD,"25",YES,"35",YES,19d
"94530",BRUCKNER BOULEVARD,"25",YES,"35",YES,19d
"94534",BRUCKNER BOULEVARD,"25",YES,"35",YES,19d
"94536",BRUCKNER BOULEVARD,"25",YES,"35",YES,19d
"94541",BRUCKNER BOULEVARD,"25",YES,"35",YES,19d
"94542",BRUCKNER BOULEVARD,"25",NO,"30",NO,19d
"94562",BRUCKNER BOULEVARD,"25",YES,"35",YES,19d
"94563",BRUCKNER BOULEVARD,"25",YES,"35",YES,19d
"94570",KEARNEY AVENUE,"25",YES,"30",NO,19d
"94584",BRUCKNER BOULEVARD,"25",YES,"35",YES,19d
"94585",BRUCKNER BOULEVARD,"25",YES,"35",YES,19d
"94589",MC DONOUGH PLACE,"25",YES,"30",NO,19d
"94603",MC DONOUGH PLACE,"25",YES,"30",NO,19d
"94605",MC DONOUGH PLACE,"25",YES,"30",NO,19d
"94608",MC DONOUGH PLACE,"25",YES,"30",NO,19d
"94629",BRUCKNER BOULEVARD,"25",YES,"35",YES,19d
"114238",MC DONOUGH PLACE,"25",YES,"30",NO,19d
"120973",BRUCKNER BOULEVARD,"25",YES,"35",YES,19d
"121212",BRUCKNER BOULEVARD,"25",YES,"35",YES,19d
"121213",BRUCKNER BOULEVARD,"25",YES,"35",YES,19d
"121215",BRUCKNER BOULEVARD,"25",YES,"35",YES,19d
"121216",BRUCKNER BOULEVARD,"25",YES,"35",YES,19d
"121217",BRUCKNER BOULEVARD,"25",YES,"35",YES,19d
"121218",MC DONOUGH PLACE,"25",YES,"30",YES,19d
"121219",MC DONOUGH PLACE,"25",YES,"30",YES,19d
"121341",BRUCKNER BOULEVARD,"25",YES,"35",YES,19d
"122175",BRUCKNER BOULEVARD,"25",YES,"35",YES,19d
"122176",BRUCKNER BOULEVARD,"25",YES,"35",YES,19d
"122177",BRUCKNER BOULEVARD,"25",YES,"35",YES,19d
"122178",BRUCKNER BOULEVARD,"25",YES,"35",YES,19d
"122179",BRUCKNER BOULEVARD,"25",YES,"35",YES,19d
"122180",BRUCKNER BOULEVARD,"25",YES,"35",YES,19d
"131312",BRUCKNER BOULEVARD,"25",YES,"35",YES,19d
"131313",BRUCKNER BOULEVARD,"25",YES,"35",YES,19d
"134092",BRUCKNER BOULEVARD,"25",YES,"35",YES,19d
"134931",BRUCKNER BOULEVARD,"25",YES,"35",YES,19d
"134954",BRUCKNER BOULEVARD,"25",YES,"35",YES,19d
"135101",BRUCKNER BOULEVARD,"25",YES,"35",YES,19d
"135213",BRUCKNER BOULEVARD,"25",YES,"35",YES,19d
"135321",BRUCKNER BOULEVARD,"25",YES,"35",YES,19d
"135332",BRUCKNER BOULEVARD,"25",YES,"35",YES,19d
"135408",BRUCKNER BOULEVARD,"25",YES,"35",YES,19d
"135426",BRUCKNER BOULEVARD,"25",YES,"35",YES,19d
"135427",BRUCKNER BOULEVARD,"25",YES,"35",YES,19d
"136601",BRUCKNER BOULEVARD,"25",YES,"35",YES,19d
"136688",BRUCKNER BOULEVARD,"25",NO,"30",NO,19d
"136689",BRUCKNER BOULEVARD,"25",NO,"30",NO,19d
"136717",BRUCKNER BOULEVARD,"25",YES,"35",YES,19d
"136768",BRUCKNER BOULEVARD,"25",YES,"35",YES,19d
"136771",BRUCKNER BOULEVARD,"25",YES,"35",YES,19d
"136845",BRUCKNER BOULEVARD,"25",YES,"35",YES,19d
"136846",BRUCKNER BOULEVARD,"25",YES,"35",YES,19d
"137131",BRUCKNER BOULEVARD,"25",YES,"35",YES,19d
"137132",BRUCKNER BOULEVARD,"25",YES,"35",YES,19d
"137134",BRUCKNER BOULEVARD,"25",YES,"35",YES,19d
"137160",BRUCKNER BOULEVARD,"25",YES,"35",YES,19d
"137161",BRUCKNER BOULEVARD,"25",YES,"35",YES,19d
"137162",BRUCKNER BOULEVARD,"25",YES,"35",YES,19d
"137203",BRUCKNER BOULEVARD,"25",YES,"30",YES,19d
"137210",BRUCKNER BOULEVARD,"25",YES,"35",YES,19d
"137211",BRUCKNER BOULEVARD,"25",YES,"35",YES,19d
"137228",BRUCKNER BOULEVARD,"25",YES,"35",YES,19d
"137311",BRUCKNER BOULEVARD,"25",YES,"35",YES,19d
"137313",BRUCKNER BOULEVARD,"25",YES,"35",YES,19d
"137379",BRUCKNER BOULEVARD,"25",YES,"35",YES,19d
"137806",BRUCKNER BOULEVARD,"25",YES,"30",YES,19d
"137880",BRUCKNER BOULEVARD,"25",YES,"30",YES,19d
"137881",BRUCKNER BOULEVARD,"25",YES,"35",YES,19d
"137882",BRUCKNER BOULEVARD,"25",YES,"35",YES,19d
"138029",BRUCKNER BOULEVARD,"25",YES,"30",YES,19d
"138140",BRUCKNER BOULEVARD,"25",YES,"30",YES,19d
"138142",BRUCKNER BOULEVARD,"25",YES,"30",YES,19d
"138360",BRUCKNER BOULEVARD,"25",YES,"35",YES,19d
"138361",BRUCKNER BOULEVARD,"25",YES,"35",YES,19d
"138362",BRUCKNER BOULEVARD,"25",YES,"35",YES,19d
"138450",BRUCKNER BOULEVARD,"25",YES,"35",YES,19d
"138451",BRUCKNER BOULEVARD,"25",YES,"35",YES,19d
"138453",BRUCKNER BOULEVARD,"25",YES,"35",YES,19d
"138597",BRUCKNER BOULEVARD,"25",YES,"35",YES,19d
"138599",BRUCKNER BOULEVARD,"25",YES,"35",YES,19d
"138600",BRUCKNER BOULEVARD,"25",YES,"35",YES,19d
"142525",BRUCKNER BOULEVARD,"25",YES,"35",YES,19d
"142628",BRUCKNER BOULEVARD,"25",YES,"35",YES,19d
"142841",UNION PORT BRIDGE,"25",YES,"35",YES,19d
"143247",UNION PORT BRIDGE,"25",YES,"35",YES,19d
"143248",UNION PORT BRIDGE,"25",YES,"35",YES,19d
"143249",BRUCKNER BOULEVARD,"25",YES,"35",YES,19d
"143250",BRUCKNER BOULEVARD,"25",YES,"35",YES,19d
"143251",BRUCKNER BOULEVARD,"25",YES,"35",YES,19d
"143252",UNION PORT BRIDGE,"25",YES,"35",YES,19d
"143253",UNION PORT BRIDGE,"25",YES,"35",YES,19d
"143254",BRUCKNER BOULEVARD,"25",YES,"35",YES,19d
"143255",BRUCKNER BOULEVARD,"25",YES,"35",YES,19d
"143256",BRUCKNER BOULEVARD,"25",YES,"35",YES,19d
"143257",BRUCKNER BOULEVARD,"25",YES,"35",YES,19d
"143445",BRUCKNER BOULEVARD,"25",YES,"35",YES,19d
"143446",BRUCKNER BOULEVARD,"25",YES,"35",YES,19d
"143603",BRUCKNER BOULEVARD,"25",YES,"35",YES,19d
"143604",BRUCKNER BOULEVARD,"25",YES,"35",YES,19d
"143697",BRUCKNER BOULEVARD,"25",YES,"35",YES,19d
"173588",BRUCKNER BOULEVARD,"25",YES,"30",YES,19d
"173589",BRUCKNER BOULEVARD,"25",YES,"30",YES,19d
"173604",BRUCKNER BOULEVARD,"25",NO,"30",NO,19d
"173607",BRUCKNER BOULEVARD,"25",YES,"30",YES,19d
"173609",BRUCKNER BOULEVARD,"25",YES,"30",YES,19d
"173610",BRUCKNER BOULEVARD,"25",YES,"30",YES,19d
"173611",BRUCKNER BOULEVARD,"25",NO,"30",NO,19d
"173612",BRUCKNER BOULEVARD,"25",NO,"30",NO,19d
"173613",BRUCKNER BOULEVARD,"25",YES,"30",YES,19d
"173614",BRUCKNER BOULEVARD,"25",YES,"30",YES,19d
"173615",BRUCKNER BOULEVARD,"25",NO,"30",NO,19d
"173616",BRUCKNER BOULEVARD,"25",NO,"30",NO,19d
"173617",BRUCKNER BOULEVARD,"25",NO,"30",NO,19d
"173618",BRUCKNER BOULEVARD,"25",YES,"30",YES,19d
"173619",BRUCKNER BOULEVARD,"25",YES,"30",YES,19d
"173620",BRUCKNER BOULEVARD,"25",YES,"35",YES,19d
"173621",BRUCKNER BOULEVARD,"25",YES,"35",YES,19d
"173622",BRUCKNER BOULEVARD,"25",YES,"35",YES,19d
"173623",BRUCKNER BOULEVARD,"25",YES,"35",YES,19d
"173624",BRUCKNER BOULEVARD,"25",YES,"35",YES,19d
"173625",BRUCKNER BOULEVARD,"25",YES,"35",YES,19d
"173626",BRUCKNER BOULEVARD,"25",YES,"35",YES,19d
"173627",BRUCKNER BOULEVARD,"25",YES,"35",YES,19d
"173628",BRUCKNER BOULEVARD,"25",YES,"35",YES,19d
"173629",BRUCKNER BOULEVARD,"25",YES,"35",YES,19d
"173631",BRUCKNER BOULEVARD,"25",YES,"35",YES,19d
"173632",BRUCKNER BOULEVARD,"25",YES,"35",YES,19d
"173634",BRUCKNER BOULEVARD,"25",YES,"35",YES,19d
"175588",BRUCKNER BOULEVARD,"25",YES,"35",YES,19d
"175589",BRUCKNER BOULEVARD,"25",YES,"35",YES,19d
"175594",BRUCKNER BOULEVARD,"25",YES,"35",YES,19d
"175595",BRUCKNER BOULEVARD,"25",YES,"35",YES,19d
"175596",BRUCKNER BOULEVARD,"25",YES,"35",YES,19d
"175597",BRUCKNER BOULEVARD,"25",YES,"35",YES,19d
"175598",BRUCKNER BOULEVARD,"25",YES,"35",YES,19d
"175609",BRUCKNER BOULEVARD,"25",YES,"35",YES,19d
"175610",BRUCKNER BOULEVARD,"25",YES,"35",YES,19d
"175611",BRUCKNER BOULEVARD,"25",YES,"35",YES,19d
"175660",BRUCKNER BOULEVARD,"25",YES,"35",YES,19d
"175662",BRUCKNER BOULEVARD,"25",YES,"35",YES,19d
"175682",BRUCKNER BOULEVARD,"25",YES,"35",YES,19d
"175683",BRUCKNER BOULEVARD,"25",YES,"35",YES,19d
"175696",BRUCKNER BOULEVARD,"25",YES,"35",YES,19d
"175697",BRUCKNER BOULEVARD,"25",YES,"35",YES,19d
"175699",BRUCKNER BOULEVARD,"25",YES,"35",YES,19d
"175709",BRUCKNER BOULEVARD,"25",YES,"35",YES,19d
"175710",BRUCKNER BOULEVARD,"25",YES,"35",YES,19d
"175711",BRUCKNER BOULEVARD,"25",YES,"35",YES,19d
"175712",BRUCKNER BOULEVARD,"25",YES,"35",YES,19d
"175772",BRUCKNER BOULEVARD,"25",YES,"35",YES,19d
"175777",BRUCKNER BOULEVARD,"25",YES,"35",YES,19d
"175778",BRUCKNER BOULEVARD,"25",YES,"35",YES,19d
"175798",BRUCKNER BOULEVARD,"25",YES,"35",YES,19d
"175799",BRUCKNER BOULEVARD,"25",YES,"35",YES,19d
"175800",BRUCKNER BOULEVARD,"25",YES,"35",YES,19d
"175801",BRUCKNER BOULEVARD,"25",YES,"35",YES,19d
"175802",BRUCKNER BOULEVARD,"25",YES,"35",YES,19d
"175803",BRUCKNER BOULEVARD,"25",YES,"35",YES,19d
"175804",BRUCKNER BOULEVARD,"25",YES,"35",YES,19d
"175805",BRUCKNER BOULEVARD,"25",YES,"35",YES,19d
"175808",BRUCKNER BOULEVARD,"25",YES,"35",YES,19d
"175809",BRUCKNER BOULEVARD,"25",YES,"35",YES,19d
"177776",BRUCKNER BOULEVARD,"25",YES,"35",YES,19d
"177778",BRUCKNER BOULEVARD,"25",YES,"35",YES,19d
"177781",BRUCKNER BOULEVARD,"25",YES,"35",YES,19d
"177782",BRUCKNER BOULEVARD,"25",YES,"35",YES,19d
"177790",BRUCKNER BOULEVARD,"25",YES,"35",YES,19d
"177791",BRUCKNER BOULEVARD,"25",YES,"35",YES,19d
"177863",BRUCKNER BOULEVARD,"25",YES,"35",YES,19d
"177864",BRUCKNER BOULEVARD,"25",YES,"35",YES,19d
"177896",BRUCKNER BOULEVARD,"25",YES,"35",YES,19d
"178007",BRUCKNER BOULEVARD,"25",YES,"35",YES,19d
"178008",BRUCKNER BOULEVARD,"25",YES,"35",YES,19d
"178123",BRUCKNER BOULEVARD,"25",YES,"35",YES,19d
"178124",BRUCKNER BOULEVARD,"25",YES,"35",YES,19d
"178145",BRUCKNER BOULEVARD,"25",YES,"35",YES,19d
"178146",BRUCKNER BOULEVARD,"25",YES,"35",YES,19d
"178148",BRUCKNER BOULEVARD,"25",YES,"35",YES,19d
"178160",BRUCKNER BOULEVARD,"25",YES,"35",YES,19d
"178161",BRUCKNER BOULEVARD,"25",YES,"35",YES,19d
"178192",UNION PORT BRIDGE,"25",YES,"35",YES,19d
"178193",UNION PORT BRIDGE,"25",YES,"35",YES,19d
"178206",BRUCKNER BOULEVARD,"25",YES,"35",YES,19d
"178207",BRUCKNER BOULEVARD,"25",YES,"35",YES,19d
"178208",BRUCKNER BOULEVARD,"25",YES,"35",YES,19d
"178209",BRUCKNER BOULEVARD,"25",YES,"35",YES,19d
"178217",BRUCKNER BOULEVARD,"25",YES,"35",YES,19d
"178224",BRUCKNER BOULEVARD,"25",YES,"35",YES,19d
"178225",BRUCKNER BOULEVARD,"25",YES,"35",YES,19d
"178226",BRUCKNER BOULEVARD,"25",YES,"35",YES,19d
"178227",BRUCKNER BOULEVARD,"25",YES,"35",YES,19d
"178228",BRUCKNER BOULEVARD,"25",YES,"35",YES,19d
"178253",BRUCKNER BOULEVARD,"25",YES,"35",YES,19d
"178254",BRUCKNER BOULEVARD,"25",YES,"35",YES,19d
"178289",BRUCKNER BOULEVARD,"25",YES,"35",YES,19d
"178290",BRUCKNER BOULEVARD,"25",YES,"35",YES,19d
"179595",BRUCKNER BOULEVARD,"25",YES,"35",YES,19d
"179596",BRUCKNER BOULEVARD,"25",YES,"35",YES,19d
"179604",BRUCKNER BOULEVARD,"25",YES,"35",YES,19d
"179605",BRUCKNER BOULEVARD,"25",YES,"35",YES,19d
"184222",BRUCKNER BOULEVARD,"25",YES,"35",YES,19d
"184223",BRUCKNER BOULEVARD,"25",YES,"35",YES,19d
"184239",BRUCKNER BOULEVARD,"25",YES,"35",YES,19d
"184240",BRUCKNER BOULEVARD,"25",YES,"35",YES,19d
"184249",BRUCKNER BOULEVARD,"25",YES,"35",YES,19d
"184250",BRUCKNER BOULEVARD,"25",YES,"35",YES,19d
"184375",BRUCKNER BOULEVARD,"25",YES,"35",YES,19d
"184376",BRUCKNER BOULEVARD,"25",YES,"35",YES,19d
"185985",BRUCKNER BOULEVARD,"25",YES,"35",YES,19d
"185986",BRUCKNER BOULEVARD,"25",YES,"35",YES,19d
"186008",BRUCKNER BOULEVARD,"25",YES,"35",YES,19d
"186009",BRUCKNER BOULEVARD,"25",YES,"35",YES,19d
"186098",BRUCKNER BOULEVARD,"25",YES,"35",YES,19d
"186382",BRUCKNER BOULEVARD,"25",YES,"35",YES,19d
"186383",BRUCKNER BOULEVARD,"25",YES,"35",YES,19d
"189575",BRUCKNER BOULEVARD,"25",YES,"35",YES,19d
"189576",BRUCKNER BOULEVARD,"25",YES,"35",YES,19d
"189577",BRUCKNER BOULEVARD,"25",YES,"35",YES,19d
"189578",BRUCKNER BOULEVARD,"25",YES,"35",YES,19d
"189579",BRUCKNER BOULEVARD,"25",YES,"35",YES,19d
"189580",BRUCKNER BOULEVARD,"25",YES,"35",YES,19d
"189581",BRUCKNER BOULEVARD,"25",YES,"35",YES,19d
"190349",BRUCKNER BOULEVARD,"25",YES,"35",YES,19d
"190350",BRUCKNER BOULEVARD,"25",YES,"35",YES,19d
"190428",BRUCKNER BOULEVARD,"25",YES,"35",YES,19d
"190429",BRUCKNER BOULEVARD,"25",YES,"35",YES,19d
"190430",BRUCKNER BOULEVARD,"25",YES,"35",YES,19d
"190444",BRUCKNER BOULEVARD,"25",YES,"35",YES,19d
"190445",BRUCKNER BOULEVARD,"25",YES,"35",YES,19d
"190452",BRUCKNER BOULEVARD,"25",YES,"35",YES,19d
"190453",BRUCKNER BOULEVARD,"25",YES,"35",YES,19d
"190458",BRUCKNER BOULEVARD,"25",YES,"35",YES,19d
"190459",BRUCKNER BOULEVARD,"25",YES,"35",YES,19d
"190460",BRUCKNER BOULEVARD,"25",YES,"35",YES,19d
"190461",BRUCKNER BOULEVARD,"25",YES,"35",YES,19d
"190462",BRUCKNER BOULEVARD,"25",YES,"35",YES,19d
"190463",BRUCKNER BOULEVARD,"25",YES,"35",YES,19d
"190464",BRUCKNER BOULEVARD,"25",YES,"35",YES,19d
"190465",BRUCKNER BOULEVARD,"25",YES,"35",YES,19d
"190466",BRUCKNER BOULEVARD,"25",YES,"35",YES,19d
"190467",BRUCKNER BOULEVARD,"25",YES,"35",YES,19d
"190468",BRUCKNER BOULEVARD,"25",YES,"35",YES,19d
"190469",BRUCKNER BOULEVARD,"25",YES,"35",YES,19d
"190470",BRUCKNER BOULEVARD,"25",YES,"30",YES,19d
"190471",BRUCKNER BOULEVARD,"25",YES,"30",YES,19d
"190472",BRUCKNER BOULEVARD,"25",YES,"30",YES,19d
"190473",BRUCKNER BOULEVARD,"25",YES,"30",YES,19d
"190474",BRUCKNER BOULEVARD,"25",YES,"35",YES,19d
"190476",BRUCKNER BOULEVARD,"25",YES,"35",YES,19d
"190477",BRUCKNER BOULEVARD,"25",YES,"35",YES,19d
"190478",BRUCKNER BOULEVARD,"25",YES,"35",YES,19d
"190482",BRUCKNER BOULEVARD,"25",YES,"35",YES,19d
"190483",BRUCKNER BOULEVARD,"25",YES,"35",YES,19d
"190484",BRUCKNER BOULEVARD,"25",YES,"35",YES,19d
"190487",BRUCKNER BOULEVARD,"25",YES,"35",YES,19d
"190488",BRUCKNER BOULEVARD,"25",YES,"35",YES,19d
"190499",BRUCKNER BOULEVARD,"25",YES,"35",YES,19d
"190500",BRUCKNER BOULEVARD,"25",YES,"35",YES,19d
"190501",BRUCKNER BOULEVARD,"25",YES,"35",YES,19d
"190502",BRUCKNER BOULEVARD,"25",YES,"35",YES,19d
"190503",BRUCKNER BOULEVARD,"25",YES,"35",YES,19d
"190504",BRUCKNER BOULEVARD,"25",YES,"30",YES,19d
"190505",BRUCKNER BOULEVARD,"25",YES,"30",YES,19d
"190506",BRUCKNER BOULEVARD,"25",YES,"30",YES,19d
"190507",BRUCKNER BOULEVARD,"25",YES,"30",YES,19d
"190508",BRUCKNER BOULEVARD,"25",YES,"30",YES,19d
"190509",BRUCKNER BOULEVARD,"25",YES,"30",YES,19d
"190510",BRUCKNER BOULEVARD,"25",YES,"35",YES,19d
"190511",BRUCKNER BOULEVARD,"25",YES,"35",YES,19d
"190512",BRUCKNER BOULEVARD,"25",YES,"35",YES,19d
"190513",BRUCKNER BOULEVARD,"25",YES,"35",YES,19d
"190514",BRUCKNER BOULEVARD,"25",YES,"35",YES,19d
"190515",BRUCKNER BOULEVARD,"25",YES,"35",YES,19d
"190516",BRUCKNER BOULEVARD,"25",YES,"35",YES,19d
"190539",BRUCKNER BOULEVARD,"25",YES,"35",YES,19d
"191689",BRUCKNER BOULEVARD,"25",YES,"35",YES,19d
"191690",BRUCKNER BOULEVARD,"25",YES,"35",YES,19d
"191691",BRUCKNER BOULEVARD,"25",YES,"35",YES,19d
"191692",BRUCKNER BOULEVARD,"25",YES,"35",YES,19d
"191706",BRUCKNER BOULEVARD,"25",YES,"35",YES,19d
"191707",BRUCKNER BOULEVARD,"25",YES,"35",YES,19d
"192162",BRUCKNER BOULEVARD,"25",YES,"35",YES,19d
"192163",BRUCKNER BOULEVARD,"25",YES,"35",YES,19d
"192631",BRUCKNER BOULEVARD,"25",YES,"35",YES,19d
"192698",BRUCKNER BOULEVARD,"25",YES,"35",YES,19d
"214167",BRUCKNER BOULEVARD,"25",NO,"30",NO,19d
"214168",BRUCKNER BOULEVARD,"25",NO,"30",NO,19d
"214428",BRUCKNER BOULEVARD,"25",YES,"30",YES,19d
"214429",BRUCKNER BOULEVARD,"25",YES,"30",YES,19d
"214447",BRUCKNER BOULEVARD,"25",YES,"30",YES,19d
"214448",BRUCKNER BOULEVARD,"25",YES,"30",YES,19d
"217888",BRUCKNER BOULEVARD,"25",YES,"35",YES,19d
"217889",BRUCKNER BOULEVARD,"25",YES,"35",YES,19d
"219640",BRUCKNER BOULEVARD,"25",YES,"35",YES,19d
"219641",BRUCKNER BOULEVARD,"25",YES,"35",YES,19d
"223738",BRUCKNER BOULEVARD,"25",YES,"35",YES,19d
"232589",BRUCKNER BOULEVARD,"25",YES,"30",YES,19d
"232590",BRUCKNER BOULEVARD,"25",YES,"30",YES,19d
"239686",BRUCKNER BOULEVARD,"25",YES,"35",YES,19d
"239709",BRUCKNER BOULEVARD,"25",YES,"35",YES,19d
"239710",BRUCKNER BOULEVARD,"25",YES,"35",YES,19d
"239722",BRUCKNER BOULEVARD,"25",YES,"35",YES,19d
"239723",BRUCKNER BOULEVARD,"25",YES,"35",YES,19d
"252049",BRUCKNER BOULEVARD,"25",YES,"35",YES,19d
"252050",BRUCKNER BOULEVARD,"25",YES,"35",YES,19d
"257938",BRUCKNER BOULEVARD,"25",YES,"35",YES,19d
"257939",BRUCKNER BOULEVARD,"25",YES,"35",YES,19d
"257943",BRUCKNER BOULEVARD,"25",YES,"35",YES,19d
"257964",BRUCKNER BOULEVARD,"25",YES,"35",YES,19d
"257965",BRUCKNER BOULEVARD,"25",YES,"35",YES,19d
"259593",BRUCKNER BOULEVARD,"25",YES,"35",YES,19d
"259594",BRUCKNER BOULEVARD,"25",YES,"35",YES,19d
"260187",BRUCKNER BOULEVARD,"25",YES,"35",YES,19d
"260188",BRUCKNER BOULEVARD,"25",YES,"35",YES,19d
"262057",BRUCKNER BOULEVARD,"25",YES,"35",YES,19d
"262058",BRUCKNER BOULEVARD,"25",YES,"35",YES,19d
"265953",BRUCKNER BOULEVARD,"25",YES,"35",YES,19d
"297542",BRUCKNER BOULEVARD,"25",YES,"35",YES,19d
"297543",BRUCKNER BOULEVARD,"25",YES,"35",YES,19d
"9004347",BRUCKNER BOULEVARD,"25",YES,"35",YES,19d
"9004349",BRUCKNER BOULEVARD,"25",YES,"35",YES,19d
"9004350",BRUCKNER BOULEVARD,"25",YES,"35",YES,19d
"9004351",BRUCKNER BOULEVARD,"25",YES,"35",YES,19d
"9004365",BRUCKNER BOULEVARD,"25",YES,"35",YES,19d
"9004366",BRUCKNER BOULEVARD,"25",YES,"35",YES,19d
"9004367",BRUCKNER BOULEVARD,"25",YES,"35",YES,19d
"9004368",BRUCKNER BOULEVARD,"25",YES,"35",YES,19d
"9004369",BRUCKNER BOULEVARD,"25",YES,"35",YES,19d
"9004370",BRUCKNER BOULEVARD,"25",YES,"35",YES,19d
"9004371",BRUCKNER BOULEVARD,"25",YES,"35",YES,19d
"9004372",BRUCKNER BOULEVARD,"25",YES,"35",YES,19d
"9004373",BRUCKNER BOULEVARD,"25",YES,"35",YES,19d
"9004394",BRUCKNER BOULEVARD,"25",YES,"35",YES,19d
"9004395",BRUCKNER BOULEVARD,"25",YES,"35",YES,19d
"9004396",BRUCKNER BOULEVARD,"25",YES,"35",YES,19d
"9004398",BRUCKNER BOULEVARD,"25",YES,"35",YES,19d
"9004399",BRUCKNER BOULEVARD,"25",YES,"35",YES,19d
"9004400",BRUCKNER BOULEVARD,"25",YES,"35",YES,19d
"9004401",BRUCKNER BOULEVARD,"25",YES,"35",YES,19d
"9014388",BRUCKNER BOULEVARD,"25",YES,"35",YES,19d
"9014396",BRUCKNER BOULEVARD,"25",YES,"35",YES,19d
"9014570",BRUCKNER BOULEVARD,"25",YES,"35",YES,19d
"9014571",BRUCKNER BOULEVARD,"25",YES,"35",YES,19d
"9014578",BRUCKNER BOULEVARD,"25",YES,"35",YES,19d
"9014579",BRUCKNER BOULEVARD,"25",YES,"35",YES,19d
"94561",BRUCKNER BOULEVARD,"25",YES,"35",YES,19d
"39069",RIVERSIDE DRIVE,"25",YES,"30",YES,19d
"39105",RIVERSIDE DRIVE,"25",YES,"30",YES,19d
"39118",RIVERSIDE DRIVE,"25",YES,"30",YES,19d
"39124",RIVERSIDE DRIVE,"25",YES,"30",YES,19d
"70805",RIVERSIDE DRIVE,"25",YES,"30",YES,19d
"94561",BRUCKNER BOULEVARD,"25",YES,"35",YES,19d
"166693",RIVERSIDE DRIVE,"25",YES,"30",YES,19d
"166694",RIVERSIDE DRIVE,"25",YES,"30",YES,19d
"173693",RIVERSIDE DRIVE,"25",YES,"30",YES,19d
"183820",RIVERSIDE DRIVE,"25",YES,"30",YES,19d
"183821",RIVERSIDE DRIVE,"25",YES,"30",YES,19d
"194543",RIVERSIDE DRIVE,"25",NO,"30",NO,19d
"194962",RIVERSIDE DRIVE,"25",YES,"30",YES,19d
"194963",RIVERSIDE DRIVE,"25",YES,"30",YES,19d
"242201",RIVERSIDE DRIVE,"25",YES,"30",YES,19d
"242202",RIVERSIDE DRIVE,"25",YES,"30",YES,19d
"242611",RIVERSIDE DRIVE,"25",YES,"30",YES,19d
"39069",RIVERSIDE DRIVE,"25",YES,"30",YES,19d
"39105",RIVERSIDE DRIVE,"25",YES,"30",YES,19d
"39118",RIVERSIDE DRIVE,"25",YES,"30",YES,19d
"39124",RIVERSIDE DRIVE,"25",YES,"30",YES,19d
"70805",RIVERSIDE DRIVE,"25",YES,"30",YES,19d
"166693",RIVERSIDE DRIVE,"25",YES,"30",YES,19d
"166694",RIVERSIDE DRIVE,"25",YES,"30",YES,19d
"173693",RIVERSIDE DRIVE,"25",YES,"30",YES,19d
"183820",RIVERSIDE DRIVE,"25",YES,"30",YES,19d
"183821",RIVERSIDE DRIVE,"25",YES,"30",YES,19d
"194543",RIVERSIDE DRIVE,"25",NO,"30",NO,19d
"194962",RIVERSIDE DRIVE,"25",YES,"30",YES,19d
"194963",RIVERSIDE DRIVE,"25",YES,"30",YES,19d
"242201",RIVERSIDE DRIVE,"25",YES,"30",YES,19d
"242202",RIVERSIDE DRIVE,"25",YES,"30",YES,19d
"242611",RIVERSIDE DRIVE,"25",YES,"30",YES,19d
"39069",RIVERSIDE DRIVE,"25",YES,"30",YES,19d
"39102",RIVERSIDE DRIVE,"25",YES,"30",YES,19d
"39105",RIVERSIDE DRIVE,"25",YES,"30",YES,19d
"39118",RIVERSIDE DRIVE,"25",YES,"30",YES,19d
"39124",RIVERSIDE DRIVE,"25",YES,"30",YES,19d
"70805",RIVERSIDE DRIVE,"25",YES,"30",YES,19d
"138517",RIVERSIDE DRIVE,"25",YES,"30",YES,19d
"138518",RIVERSIDE DRIVE,"25",YES,"30",YES,19d
"138519",RIVERSIDE DRIVE,"25",YES,"30",YES,19d
"138520",RIVERSIDE DRIVE,"25",YES,"30",YES,19d
"166693",RIVERSIDE DRIVE,"25",YES,"30",YES,19d
"166694",RIVERSIDE DRIVE,"25",YES,"30",YES,19d
"173692",RIVERSIDE DRIVE,"25",YES,"30",YES,19d
"173693",RIVERSIDE DRIVE,"25",YES,"30",YES,19d
"183820",RIVERSIDE DRIVE,"25",YES,"30",YES,19d
"183821",RIVERSIDE DRIVE,"25",YES,"30",YES,19d
"194543",RIVERSIDE DRIVE,"25",NO,"30",NO,19d
"194544",RIVERSIDE DRIVE,"25",NO,"30",NO,19d
"194846",RIVERSIDE DRIVE,"25",YES,"30",YES,19d
"194847",RIVERSIDE DRIVE,"25",YES,"30",YES,19d
"194962",RIVERSIDE DRIVE,"25",YES,"30",YES,19d
"194963",RIVERSIDE DRIVE,"25",YES,"30",YES,19d
"242201",RIVERSIDE DRIVE,"25",YES,"30",YES,19d
"242202",RIVERSIDE DRIVE,"25",YES,"30",YES,19d
"242610",RIVERSIDE DRIVE,"25",YES,"30",YES,19d
"242611",RIVERSIDE DRIVE,"25",YES,"30",YES,19d
"302213",RIVERSIDE DRIVE,"25",YES,"30",YES,19d
"302214",RIVERSIDE DRIVE,"25",YES,"30",YES,19d
"192574",WEBSTER AVENUE,"25",YES,"35",YES,19d
"192575",WEBSTER AVENUE,"25",YES,"35",YES,19d
"80807",WEBSTER AVENUE,"25",YES,"35",YES,19d
"107384",WEBSTER AVENUE,"25",YES,"35",YES,19d
"107387",WEBSTER AVENUE,"25",YES,"35",YES,19d
"81384",WEBSTER AVENUE,"25",YES,"35",YES,19d
"121326",WEBSTER AVENUE,"25",YES,"35",YES,19d
"121327",WEBSTER AVENUE,"25",YES,"35",YES,19d
"187774",FLATBUSH AVENUE,"25",YES,"30",YES,19d
"29283",FLATBUSH AVENUE,"25",YES,"35",YES,19d
"188022",FLATBUSH AVENUE,"25",YES,"35",YES,19d
"188023",FLATBUSH AVENUE,"25",YES,"35",YES,19d
"244849",FLATBUSH AVENUE,"25",YES,"30",YES,19d
"17125",DAHLGREN PLACE,"25",YES,"30",NO,19d
"17137",DAHLGREN PLACE,"25",YES,"30",NO,19d
"17146",DAHLGREN PLACE,"25",YES,"30",NO,19d
"126824",DAHLGREN PLACE,"25",YES,"30",NO,19d
"126825",DAHLGREN PLACE,"25",YES,"30",NO,19d
"26211",SHORE PARKWAY,"25",YES,"30",NO,19d
"26088",SHORE PARKWAY,"25",YES,"30",NO,19d
"26201",SHORE PARKWAY,"25",YES,"30",NO,19d
"39896",SHORE PARKWAY,"25",YES,"30",NO,19d
"39907",SHORE PARKWAY,"25",YES,"30",NO,19d
"39788",SHORE PARKWAY,"25",YES,"30",NO,19d
"39801",SHORE PARKWAY,"25",YES,"30",NO,19d
"39929",SHORE PARKWAY,"25",YES,"30",NO,19d
"39995",SHORE PARKWAY,"25",YES,"30",NO,19d
"39913",SHORE PARKWAY,"25",YES,"30",NO,19d
"39925",SHORE PARKWAY,"25",YES,"30",NO,19d
"26386",SHORE PARKWAY,"25",YES,"30",NO,19d
"39662",SHORE PARKWAY,"25",YES,"30",NO,19d
"26379",SHORE PARKWAY,"25",YES,"30",NO,19d
"26384",SHORE PARKWAY,"25",YES,"30",NO,19d
"39668",SHORE PARKWAY,"25",YES,"30",NO,19d
"39672",SHORE PARKWAY,"25",YES,"30",NO,19d
"39665",SHORE PARKWAY,"25",YES,"30",NO,19d
"39666",SHORE PARKWAY,"25",YES,"30",NO,19d
"16548",SHORE PARKWAY,"25",YES,"30",NO,19d
"18493",SHORE PARKWAY,"25",YES,"30",NO,19d
"18522",SHORE PARKWAY,"25",YES,"30",NO,19d
"18489",SHORE PARKWAY,"25",YES,"30",NO,19d
"18490",SHORE PARKWAY,"25",YES,"30",NO,19d
"25568",SHORE PARKWAY,"25",YES,"30",NO,19d
"25570",SHORE PARKWAY,"25",YES,"30",NO,19d
"25390",SHORE PARKWAY,"25",YES,"30",NO,19d
"25563",SHORE PARKWAY,"25",YES,"30",NO,19d
"25913",SHORE PARKWAY,"25",YES,"30",NO,19d
"25916",SHORE PARKWAY,"25",YES,"30",NO,19d
"25896",SHORE PARKWAY,"25",YES,"30",NO,19d
"25904",SHORE PARKWAY,"25",YES,"30",NO,19d
"18528",SHORE PARKWAY,"25",YES,"30",NO,19d
"18561",SHORE PARKWAY,"25",YES,"30",NO,19d
"18525",SHORE PARKWAY,"25",YES,"30",NO,19d
"18527",SHORE PARKWAY,"25",YES,"30",NO,19d
"25233",SHORE PARKWAY,"25",YES,"30",NO,19d
"25237",SHORE PARKWAY,"25",YES,"30",NO,19d
"18562",SHORE PARKWAY,"25",YES,"30",NO,19d
"18567",SHORE PARKWAY,"25",YES,"30",NO,19d
"120648",SHORE PARKWAY,"25",YES,"30",YES,19d
"120649",SHORE PARKWAY,"25",YES,"30",YES,19d
"18833",SHORE PARKWAY,"25",YES,"30",YES,19d
"18854",SHORE PARKWAY,"25",YES,"30",YES,19d
"194331",SHORE PARKWAY,"25",YES,"30",YES,19d
"194341",SHORE PARKWAY,"25",YES,"30",YES,19d
"194248",SHORE PARKWAY,"25",YES,"30",YES,19d
"194330",SHORE PARKWAY,"25",YES,"30",YES,19d
"290536",SHORE PARKWAY,"25",YES,"30",NO,19d
"299105",SHORE PARKWAY,"25",YES,"30",NO,19d
"289673",SHORE PARKWAY,"25",YES,"30",NO,19d
"290535",SHORE PARKWAY,"25",YES,"30",NO,19d
"18757",SHORE PARKWAY,"25",YES,"30",YES,19d
"18762",SHORE PARKWAY,"25",YES,"30",YES,19d
"299106",SHORE PARKWAY,"25",YES,"30",NO,19d
"18690",SHORE PARKWAY,"25",YES,"30",YES,19d
"232695",SHORE PARKWAY,"25",YES,"30",YES,19d
"232696",SHORE PARKWAY,"25",YES,"30",YES,19d
"230962",SHORE PARKWAY,"25",YES,"30",YES,19d
"230963",SHORE PARKWAY,"25",YES,"30",YES,19d
"9009666",SHORE PARKWAY,"25",YES,"30",YES,19d
"9009667",SHORE PARKWAY,"25",YES,"30",YES,19d
"194360",SHORE PARKWAY,"25",YES,"30",NO,19d
"194364",SHORE PARKWAY,"25",YES,"30",NO,19d
"194358",SHORE PARKWAY,"25",YES,"30",NO,19d
"194359",SHORE PARKWAY,"25",YES,"30",NO,19d
"194400",SHORE PARKWAY,"25",YES,"30",NO,19d
"260958",SHORE PARKWAY,"25",YES,"30",NO,19d
"194380",SHORE PARKWAY,"25",YES,"30",NO,19d
"194398",SHORE PARKWAY,"25",YES,"30",NO,19d
"194343",SHORE PARKWAY,"25",YES,"30",NO,19d
"194344",SHORE PARKWAY,"25",YES,"30",NO,19d
"194326",SHORE PARKWAY,"25",YES,"30",NO,19d
"194342",SHORE PARKWAY,"25",YES,"30",NO,19d
"194347",SHORE PARKWAY,"25",YES,"30",NO,19d
"194349",SHORE PARKWAY,"25",YES,"30",NO,19d
"194345",SHORE PARKWAY,"25",YES,"30",NO,19d
"194346",SHORE PARKWAY,"25",YES,"30",NO,19d
"272092",SHORE PARKWAY,"25",YES,"30",NO,19d
"272093",SHORE PARKWAY,"25",YES,"30",NO,19d
"272069",SHORE PARKWAY,"25",YES,"30",NO,19d
"272070",SHORE PARKWAY,"25",YES,"30",NO,19d
"289618",SHORE PARKWAY,"25",YES,"30",NO,19d
"289672",SHORE PARKWAY,"25",YES,"30",NO,19d
"289612",SHORE PARKWAY,"25",YES,"30",NO,19d
"289617",SHORE PARKWAY,"25",YES,"30",NO,19d
"261011",SHORE PARKWAY,"25",YES,"30",NO,19d
"272029",SHORE PARKWAY,"25",YES,"30",NO,19d
"260959",SHORE PARKWAY,"25",YES,"30",NO,19d
"261010",SHORE PARKWAY,"25",YES,"30",NO,19d
"272033",SHORE PARKWAY,"25",YES,"30",NO,19d
"272049",SHORE PARKWAY,"25",YES,"30",NO,19d
"272030",SHORE PARKWAY,"25",YES,"30",NO,19d
"272032",SHORE PARKWAY,"25",YES,"30",NO,19d
"163313",SHORE PARKWAY,"25",YES,"30",NO,19d
"166778",SHORE PARKWAY,"25",YES,"30",NO,19d
"163311",SHORE PARKWAY,"25",YES,"30",NO,19d
"163312",SHORE PARKWAY,"25",YES,"30",NO,19d
"166808",SHORE PARKWAY,"25",YES,"30",NO,19d
"166809",SHORE PARKWAY,"25",YES,"30",NO,19d
"166781",SHORE PARKWAY,"25",YES,"30",NO,19d
"166782",SHORE PARKWAY,"25",YES,"30",NO,19d
"163295",SHORE PARKWAY,"25",YES,"30",NO,19d
"163298",SHORE PARKWAY,"25",YES,"30",NO,19d
"163284",SHORE PARKWAY,"25",YES,"30",NO,19d
"163285",SHORE PARKWAY,"25",YES,"30",NO,19d
"163301",SHORE PARKWAY,"25",YES,"30",NO,19d
"163302",SHORE PARKWAY,"25",YES,"30",NO,19d
"163299",SHORE PARKWAY,"25",YES,"30",NO,19d
"163300",SHORE PARKWAY,"25",YES,"30",NO,19d
"190171",SHORE PARKWAY,"25",YES,"30",NO,19d
"193843",SHORE PARKWAY,"25",YES,"30",NO,19d
"188639",SHORE PARKWAY,"25",YES,"30",NO,19d
"189067",SHORE PARKWAY,"25",YES,"30",NO,19d
"194020",SHORE PARKWAY,"25",YES,"30",NO,19d
"194252",SHORE PARKWAY,"25",YES,"30",NO,19d
"193844",SHORE PARKWAY,"25",YES,"30",NO,19d
"193910",SHORE PARKWAY,"25",YES,"30",NO,19d
"166883",SHORE PARKWAY,"25",YES,"30",NO,19d
"166888",SHORE PARKWAY,"25",YES,"30",NO,19d
"166818",SHORE PARKWAY,"25",YES,"30",NO,19d
"166819",SHORE PARKWAY,"25",YES,"30",NO,19d
"166898",SHORE PARKWAY,"25",YES,"30",NO,19d
"184276",SHORE PARKWAY,"25",YES,"30",NO,19d
"166889",SHORE PARKWAY,"25",YES,"30",NO,19d
"166897",SHORE PARKWAY,"25",YES,"30",NO,19d
"118660",SHORE PARKWAY,"25",YES,"30",NO,19d
"115124",SHORE PARKWAY,"25",YES,"30",NO,19d
"115145",SHORE PARKWAY,"25",YES,"30",NO,19d
"120684",SHORE PARKWAY,"25",YES,"30",NO,19d
"120685",SHORE PARKWAY,"25",YES,"30",NO,19d
"118661",SHORE PARKWAY,"25",YES,"30",NO,19d
"120473",SHORE PARKWAY,"25",YES,"30",NO,19d
"105793",SHORE PARKWAY,"25",YES,"30",NO,19d
"106280",SHORE PARKWAY,"25",YES,"30",NO,19d
"40023",SHORE PARKWAY,"25",YES,"30",NO,19d
"105792",SHORE PARKWAY,"25",YES,"30",NO,19d
"115044",SHORE PARKWAY,"25",YES,"30",NO,19d
"115123",SHORE PARKWAY,"25",YES,"30",NO,19d
"106281",SHORE PARKWAY,"25",YES,"30",NO,19d
"115043",SHORE PARKWAY,"25",YES,"30",NO,19d
"163138",SHORE PARKWAY,"25",YES,"30",NO,19d
"163170",SHORE PARKWAY,"25",YES,"30",NO,19d
"163065",SHORE PARKWAY,"25",YES,"30",NO,19d
"163085",SHORE PARKWAY,"25",YES,"30",NO,19d
"163261",SHORE PARKWAY,"25",YES,"30",NO,19d
"163283",SHORE PARKWAY,"25",YES,"30",NO,19d
"163246",SHORE PARKWAY,"25",YES,"30",NO,19d
"163247",SHORE PARKWAY,"25",YES,"30",NO,19d
"127821",SHORE PARKWAY,"25",YES,"30",NO,19d
"127822",SHORE PARKWAY,"25",YES,"30",NO,19d
"120686",SHORE PARKWAY,"25",YES,"30",NO,19d
"120687",SHORE PARKWAY,"25",YES,"30",NO,19d
"134922",SHORE PARKWAY,"25",YES,"30",NO,19d
"139729",SHORE PARKWAY,"25",YES,"30",NO,19d
"127823",SHORE PARKWAY,"25",YES,"30",NO,19d
"127824",SHORE PARKWAY,"25",YES,"30",NO,19d
"26221",SHORE PARKWAY,"25",YES,"30",NO,19d
"26356",SHORE PARKWAY,"25",YES,"30",NO,19d
"26213",SHORE PARKWAY,"25",YES,"30",NO,19d
"26215",SHORE PARKWAY,"25",YES,"30",NO,19d
"26375",SHORE PARKWAY,"25",YES,"30",NO,19d
"26377",SHORE PARKWAY,"25",YES,"30",NO,19d
"26364",SHORE PARKWAY,"25",YES,"30",NO,19d
"26370",SHORE PARKWAY,"25",YES,"30",NO,19d
"26084",SHORE PARKWAY,"25",YES,"30",NO,19d
"26086",SHORE PARKWAY,"25",YES,"30",NO,19d
"25919",SHORE PARKWAY,"25",YES,"30",NO,19d
"26075",SHORE PARKWAY,"25",YES,"30",NO,19d
"26205",SHORE PARKWAY,"25",YES,"30",NO,19d
"134250",ROCKAWAY BOULEVARD,"35",YES,"40",YES,19d
"134251",ROCKAWAY BOULEVARD,"35",YES,"40",YES,19d
"134598",ROCKAWAY BOULEVARD,"35",YES,"40",YES,19d
"134599",ROCKAWAY BOULEVARD,"35",YES,"40",YES,19d
"135269",ROCKAWAY BOULEVARD,"35",YES,"40",YES,19d
"135495",ROCKAWAY BOULEVARD,"35",YES,"40",YES,19d
"135496",ROCKAWAY BOULEVARD,"35",YES,"40",YES,19d
"135498",ROCKAWAY BOULEVARD,"35",YES,"40",YES,19d
"135499",ROCKAWAY BOULEVARD,"35",YES,"40",YES,19d
"135500",ROCKAWAY BOULEVARD,"35",YES,"40",YES,19d
"135501",ROCKAWAY BOULEVARD,"35",YES,"40",YES,19d
"135502",ROCKAWAY BOULEVARD,"35",YES,"40",YES,19d
"135503",ROCKAWAY BOULEVARD,"35",YES,"40",YES,19d
"135507",ROCKAWAY BOULEVARD,"35",YES,"40",YES,19d
"135509",ROCKAWAY BOULEVARD,"35",YES,"40",YES,19d
"135510",ROCKAWAY BOULEVARD,"35",YES,"40",YES,19d
"135739",ROCKAWAY BOULEVARD,"35",YES,"40",YES,19d
"135740",ROCKAWAY BOULEVARD,"35",YES,"40",YES,19d
"135744",ROCKAWAY BOULEVARD,"35",YES,"40",YES,19d
"135746",ROCKAWAY BOULEVARD,"35",YES,"40",YES,19d
"135747",ROCKAWAY BOULEVARD,"35",YES,"40",YES,19d
"135748",ROCKAWAY BOULEVARD,"35",YES,"40",YES,19d
"135749",ROCKAWAY BOULEVARD,"35",YES,"40",YES,19d
"135750",ROCKAWAY BOULEVARD,"35",YES,"40",YES,19d
"135751",ROCKAWAY BOULEVARD,"35",YES,"40",YES,19d
"135752",ROCKAWAY BOULEVARD,"35",YES,"40",YES,19d
"136180",ROCKAWAY BOULEVARD,"35",YES,"40",YES,19d
"136181",ROCKAWAY BOULEVARD,"35",YES,"40",YES,19d
"136182",ROCKAWAY BOULEVARD,"35",YES,"40",YES,19d
"136183",ROCKAWAY BOULEVARD,"35",YES,"40",YES,19d
"136184",ROCKAWAY BOULEVARD,"35",YES,"40",YES,19d
"136185",ROCKAWAY BOULEVARD,"35",YES,"40",YES,19d
"136186",ROCKAWAY BOULEVARD,"35",YES,"40",YES,19d
"136187",ROCKAWAY BOULEVARD,"35",YES,"40",YES,19d
"136190",ROCKAWAY BOULEVARD,"35",YES,"40",YES,19d
"136191",ROCKAWAY BOULEVARD,"35",YES,"40",YES,19d
"136192",ROCKAWAY BOULEVARD,"35",YES,"40",YES,19d
"136193",ROCKAWAY BOULEVARD,"35",YES,"40",YES,19d
"136194",ROCKAWAY BOULEVARD,"35",YES,"40",YES,19d
"136195",ROCKAWAY BOULEVARD,"35",YES,"40",YES,19d
"155951",ROCKAWAY BOULEVARD,"35",YES,"40",YES,19d
"156103",ROCKAWAY BOULEVARD,"35",YES,"40",YES,19d
"156559",ROCKAWAY BOULEVARD,"35",YES,"40",YES,19d
"156734",ROCKAWAY BOULEVARD,"35",YES,"40",YES,19d
"156863",ROCKAWAY BOULEVARD,"35",YES,"40",YES,19d
"157321",ROCKAWAY BOULEVARD,"35",YES,"40",YES,19d
"227679",ROCKAWAY BOULEVARD,"35",YES,"40",YES,19d
"233747",ROCKAWAY BOULEVARD,"35",YES,"40",YES,19d
"233748",ROCKAWAY BOULEVARD,"35",YES,"40",YES,19d
"239070",ROCKAWAY BOULEVARD,"35",YES,"40",YES,19d
"319073",ROCKAWAY BOULEVARD,"35",YES,"40",YES,19d
"319074",ROCKAWAY BOULEVARD,"35",YES,"40",YES,19d
"319075",ROCKAWAY BOULEVARD,"35",YES,"40",YES,19d
"319076",ROCKAWAY BOULEVARD,"35",YES,"40",YES,19d
"9017029",ROCKAWAY BOULEVARD,"35",YES,"40",YES,19d
"9017030",ROCKAWAY BOULEVARD,"35",YES,"40",YES,19d
"9017031",ROCKAWAY BOULEVARD,"35",YES,"40",YES,19d
"9017032",ROCKAWAY BOULEVARD,"35",YES,"40",YES,19d
"12195",TARGEE STREET,"25",YES,"30",YES,19d
"12197",TARGEE STREET,"25",YES,"30",YES,19d
"12198",TARGEE STREET,"25",YES,"30",YES,19d
"12215",TARGEE STREET,"25",YES,"30",YES,19d
"12217",TARGEE STREET,"25",YES,"30",YES,19d
"13345",TARGEE STREET,"25",YES,"30",YES,19d
"13354",TARGEE STREET,"25",YES,"30",YES,19d
"13357",TARGEE STREET,"25",YES,"30",YES,19d
"13392",TARGEE STREET,"25",YES,"30",YES,19d
"15068",TARGEE STREET,"25",YES,"30",YES,19d
"15074",TARGEE STREET,"25",YES,"30",YES,19d
"15095",TARGEE STREET,"25",YES,"30",YES,19d
"15097",TARGEE STREET,"25",YES,"30",YES,19d
"15099",TARGEE STREET,"25",YES,"30",YES,19d
"15104",TARGEE STREET,"25",YES,"30",YES,19d
"15110",TARGEE STREET,"25",YES,"30",YES,19d
"15112",TARGEE STREET,"25",YES,"30",YES,19d
"15114",TARGEE STREET,"25",YES,"30",YES,19d
"15135",TARGEE STREET,"25",YES,"30",YES,19d
"15138",TARGEE STREET,"25",YES,"30",YES,19d
"15140",TARGEE STREET,"25",YES,"30",YES,19d
"15164",TARGEE STREET,"25",YES,"30",YES,19d
"15166",TARGEE STREET,"25",YES,"30",YES,19d
"15167",TARGEE STREET,"25",YES,"30",YES,19d
"15187",TARGEE STREET,"25",YES,"30",YES,19d
"160483",TARGEE STREET,"25",YES,"30",YES,19d
"160492",TARGEE STREET,"25",YES,"30",YES,19d
"160493",TARGEE STREET,"25",YES,"30",YES,19d
"251176",TARGEE STREET,"25",YES,"30",YES,19d
"251177",TARGEE STREET,"25",YES,"30",YES,19d
"311163",TARGEE STREET,"25",YES,"30",YES,19d
"311164",TARGEE STREET,"25",YES,"30",YES,19d
"244850",FLATBUSH AVENUE,"25",YES,"30",YES,19d
