STREET_1,STREET_2,STREET_3,BOROUGH,NOOFHUMPS,NEARSCHOO,DATEINSTA,DATEREINS,ORDERNO,SEGMENTID
EAST 107 STREET,AVENUE J,FLATLANDS AVENUE,Brooklyn,2,2,1/7/2020,,B-01400494,128717
EAST 107 STREET,AVENUE J,FLATLANDS AVENUE,Brooklyn,2,2,1/7/2020,,B-01400494,186735
EAST 107 STREET,AVENUE J,FLATLANDS AVENUE,Brooklyn,2,2,1/7/2020,,B-01400494,186736
MIDWOOD STREET,KINGSTON AVENUE,BROOKLYN AVENUE,Brooklyn,1,0,12/16/2019,,B-01399639,28864
OCEAN PARKWAY,AVENUE T,AVENUE U,Brooklyn,2,0,11/22/2019,,B-01396949,25478
MIDWOOD STREET,KINGSTON AVENUE,BROOKLYN AVENUE,Brooklyn,1,0,11/19/2019,,B-01399639,28864
ARTHUR AVENUE,EAST 179 STREET,EAST 180 STREET,Bronx,1,1,11/8/2019,,B-01377722,78830
MARTHA AVENUE,EAST 238 STREET,EAST 237 STREET,Bronx,1,0,10/7/2019,,B-01372533,88933
ST PAULS AVENUE,PAXTON STREET,CEBRA AVENUE,Staten Island,2,0,10/4/2019,,B-01391714,15557
ST PAULS AVENUE,PAXTON STREET,CEBRA AVENUE,Staten Island,2,0,10/4/2019,,B-01391714,15398
ST PAULS AVENUE,PAXTON STREET,CEBRA AVENUE,Staten Island,2,0,10/4/2019,,B-01391714,15560
ST PAULS AVENUE,PAXTON STREET,CEBRA AVENUE,Staten Island,2,0,10/4/2019,,B-01391714,15558
ST PAULS AVENUE,SWAN STREET,PAXTON STREET,Staten Island,1,0,9/30/2019,,B-01391714,16339
ST PAULS AVENUE,SWAN STREET,PAXTON STREET,Staten Island,1,0,9/30/2019,,B-01391714,16337
REVIEW AVENUE,LAUREL HILL BOULEVARD,37 STREET,Queens,4,0,9/28/2019,,B-01388849 / 01388850,113005
REVIEW AVENUE,LAUREL HILL BOULEVARD,37 STREET,Queens,4,0,9/28/2019,,B-01388849 / 01388850,281448
REVIEW AVENUE,LAUREL HILL BOULEVARD,37 STREET,Queens,4,0,9/28/2019,,B-01388849 / 01388850,281449
VANDERBILT AVENUE,IRVING PLACE,PRINCE STREET,Staten Island,1,0,9/24/2019,,B-01388480 / 01388523,15317
VANDERBILT AVENUE,OSGOOD AVENUE,PARK HILL LANE,Staten Island,1,0,9/21/2019,,B-1388480 / 01388523,15478
VANDERBILT AVENUE,PLEASANT PLACE,PINE PLACE,Staten Island,1,0,9/20/2019,,B-01388480 / 01388523,15503
JERSEY STREET,CRESCENT AVENUE,RICHMOND TERRACE,Staten Island,2,0,9/18/2019,,B-01375771 / 01375790,9005324
JERSEY STREET,CRESCENT AVENUE,RICHMOND TERRACE,Staten Island,2,0,9/18/2019,,B-01375771 / 01375790,16201
JERSEY STREET,CRESCENT AVENUE,RICHMOND TERRACE,Staten Island,2,0,9/18/2019,,B-01375771 / 01375790,9005334
JERSEY STREET,CRESCENT AVENUE,RICHMOND TERRACE,Staten Island,2,0,9/18/2019,,B-01375771 / 01375790,9005331
JERSEY STREET,CRESCENT AVENUE,RICHMOND TERRACE,Staten Island,2,0,9/18/2019,,B-01375771 / 01375790,9005336
JERSEY STREET,CRESCENT AVENUE,RICHMOND TERRACE,Staten Island,2,0,9/18/2019,,B-01375771 / 01375790,9005330
JERSEY STREET,CRESCENT AVENUE,RICHMOND TERRACE,Staten Island,2,0,9/18/2019,,B-01375771 / 01375790,9005335
JERSEY STREET,CRESCENT AVENUE,RICHMOND TERRACE,Staten Island,2,0,9/18/2019,,B-01375771 / 01375790,9005337
JERSEY STREET,CRESCENT AVENUE,RICHMOND TERRACE,Staten Island,2,0,9/18/2019,,B-01375771 / 01375790,9005325
JERSEY STREET,CRESCENT AVENUE,RICHMOND TERRACE,Staten Island,2,0,9/18/2019,,B-01375771 / 01375790,9005326
JERSEY STREET,CRESCENT AVENUE,RICHMOND TERRACE,Staten Island,2,0,9/18/2019,,B-01375771 / 01375790,9005327
JERSEY STREET,CRESCENT AVENUE,RICHMOND TERRACE,Staten Island,2,0,9/18/2019,,B-01375771 / 01375790,9005333
JERSEY STREET,CRESCENT AVENUE,RICHMOND TERRACE,Staten Island,2,0,9/18/2019,,B-01375771 / 01375790,9005321
JERSEY STREET,CRESCENT AVENUE,RICHMOND TERRACE,Staten Island,2,0,9/18/2019,,B-01375771 / 01375790,9005322
JERSEY STREET,CRESCENT AVENUE,RICHMOND TERRACE,Staten Island,2,0,9/18/2019,,B-01375771 / 01375790,9005323
JERSEY STREET,CRESCENT AVENUE,RICHMOND TERRACE,Staten Island,2,0,9/18/2019,,B-01375771 / 01375790,9005328
JERSEY STREET,CRESCENT AVENUE,RICHMOND TERRACE,Staten Island,2,0,9/18/2019,,B-01375771 / 01375790,9005329
JERSEY STREET,CRESCENT AVENUE,RICHMOND TERRACE,Staten Island,2,0,9/18/2019,,B-01375771 / 01375790,9005332
HIGHLAND AVENUE,HOWARD AVENUE,ARLO ROAD,Staten Island,2,0,9/5/2019,,B-01385201 / 01385204,13252
WARREN STREET,HOYT STREET,SMITH STREET,Brooklyn,1,1,8/27/2019,,B-01367655,22556
POTTER AVENUE,MANOR ROAD,SMITH AVENUE,Staten Island,1,0,8/27/2019,,B-01369053 / 01369075,12407
POTTER AVENUE,SMITH AVENUE,FAIRVIEW AVENUE,Staten Island,1,0,8/27/2019,,B-01369053 / 01369075,12524
POTTER AVENUE,SMITH AVENUE,FAIRVIEW AVENUE,Staten Island,1,0,8/27/2019,,B-01369053 / 01369075,12532
EAST 7 STREET,AVENUE K,AVENUE L,Brooklyn,1,1,8/26/2019,,B-01366500,26773
FOOTE AVENUE,CLOVE ROAD,GRAND AVENUE,Staten Island,2,2,8/22/2019,,B-01374422 / 01374433,13248
IONIA AVENUE,JEFFERSON BOULEVARD,ALBEE AVENUE,Staten Island,2,2,8/13/2019,,B-01368693,273331
IONIA AVENUE,JEFFERSON BOULEVARD,ALBEE AVENUE,Staten Island,2,2,8/13/2019,,B-01368693,3098
BLAKE AVENUE,SCHENCK AVENUE,HENDRIX STREET,Brooklyn,1,0,8/12/2019,,B-01377141,47808
SEYMOUR AVENUE,GIVAN AVENUE,BURKE AVENUE,Bronx,1,0,8/8/2019,,B-01380300 / 01380311,88398
WEST 176 STREET,HARRISON AVENUE,MACOMBS ROAD,Bronx,1,1,8/7/2019,,B-01378307 / 01378314,72070
HUGHES AVENUE,EAST 186 STREET,CRESCENT AVENUE,Bronx,1,0,8/6/2019,,B-01381715,80239
LEXINGTON AVENUE,MALCOLM X BOULEVARD,STUYVESANT AVENUE,Brooklyn,1,0,8/6/2019,,B-01368053,128543
LEXINGTON AVENUE,MALCOLM X BOULEVARD,STUYVESANT AVENUE,Brooklyn,1,0,8/6/2019,,B-01368053,128542
FENIMORE STREET,ROGERS AVENUE,BEDFORD AVENUE,Brooklyn,1,0,8/6/2019,,B-01369743,28505
OCEAN VIEW AVENUE,BRIGHTON 13 STREET,BRIGHTON 12 STREET,Brooklyn,1,1,8/5/2019,,B-01367671,25851
HUGUENOT AVENUE,BOSTON ROAD,HOLLERS AVENUE,Bronx,1,0,8/2/2019,,B-01372525 / 01372527,180056
HUGUENOT AVENUE,BOSTON ROAD,HOLLERS AVENUE,Bronx,1,0,8/2/2019,,B-01372525 / 01372527,180055
HUGUENOT AVENUE,BOSTON ROAD,HOLLERS AVENUE,Bronx,1,0,8/2/2019,,B-01372525 / 01372527,180054
15 AVENUE,CROPSEY AVENUE,INDEPENDENCE AVENUE,Brooklyn,1,0,8/2/2019,,B-01381744 / 01381748,19377
18 AVENUE,SHORE PARKWAY,CROPSEY AVENUE,Brooklyn,2,0,7/31/2019,,B-01341399 / 01341410,127016
18 AVENUE,SHORE PARKWAY,CROPSEY AVENUE,Brooklyn,2,0,7/31/2019,,B-01341399 / 01341410,127017
REV JAMES POLITE AVENUE,EAST 165 STREET,EAST 164 STREET,Bronx,1,1,7/31/2019,,B-01374028,77432
TINTON AVENUE,EAST 169 STREET,EAST 168 STREET,Bronx,1,0,7/30/2019,,B-01372433,107131
TINTON AVENUE,EAST 169 STREET,EAST 168 STREET,Bronx,1,0,7/30/2019,,B-01372433,107130
PROSPECT AVENUE,EAST 185 STREET,EAST 183 STREET,Bronx,1,0,7/30/2019,,B-01372541,79210
CANARSIE ROAD,SKIDMORE AVENUE,SEAVIEW AVENUE,Brooklyn,1,1,7/29/2019,,B-01367732,167865
CANARSIE ROAD,SKIDMORE AVENUE,SEAVIEW AVENUE,Brooklyn,1,1,7/29/2019,,B-01367732,167866
EAST 92 STREET,AVENUE L,AVENUE M,Brooklyn,1,1,7/29/2019,,B-01366706,46486
COMMONWEALTH AVENUE,SEWARD AVENUE,RANDALL AVENUE,Bronx,1,0,7/29/2019,,B-01371730 / 01371740,85127
ST LAWRENCE AVENUE,SEWARD AVENUE,RANDALL AVENUE,Bronx,1,0,7/29/2019,,B-01376318 / 01376324,85130
COLONIAL ROAD,89 STREET,91 STREET,Brooklyn,1,0,7/26/2019,,B-01371996 / 01371999,16641
BRADFORD STREET,DUMONT AVENUE,LIVONIA AVENUE,Brooklyn,1,0,7/24/2019,,B-01368337,47671
HEMLOCK STREET,STANLEY AVENUE,WORTMAN AVENUE,Brooklyn,1,1,7/24/2019,,B-01369889 / 01369897,50770
35 STREET,24 AVENUE,23 AVENUE,Queens,2,0,7/19/2019,,B-01381375,129878
35 STREET,24 AVENUE,23 AVENUE,Queens,2,0,7/19/2019,,B-01381375,129880
35 STREET,24 AVENUE,23 AVENUE,Queens,2,0,7/19/2019,,B-01381375,129879
180 STREET,BAISLEY BOULEVARD,119 ROAD,Queens,1,0,7/18/2019,,B-01314510 / 01314517,115976
180 STREET,BAISLEY BOULEVARD,119 ROAD,Queens,1,0,7/18/2019,,B-01314510 / 01314517,115975
108 STREET,91 AVENUE,ATLANTIC AVENUE,Queens,1,0,7/18/2019,,B-01313390,169552
108 STREET,91 AVENUE,ATLANTIC AVENUE,Queens,1,0,7/18/2019,,B-01313390,169551
108 STREET,JAMAICA AVENUE,91 AVENUE,Queens,1,0,7/18/2019,,B-01313390,107751
JEFFERSON AVENUE,MARCY AVENUE,NOSTRAND AVENUE,Brooklyn,3,0,7/17/2019,,B-01369839,29793
WALTON AVENUE,MOUNT HOPE PLACE,EAST 176 STREET,Bronx,1,1,7/17/2019,,B-01371992,72359
COVERT STREET,WILSON AVENUE,CENTRAL AVENUE,Brooklyn,1,0,7/16/2019,,B-01368077,294325
COVERT STREET,WILSON AVENUE,CENTRAL AVENUE,Brooklyn,1,0,7/16/2019,,B-01368077,294326
68 STREET,OWLS HEAD COURT,SHORE ROAD,Brooklyn,1,0,7/15/2019,,B-01377649,17458
68 STREET,BLISS TERRACE,NARROWS AVENUE,Brooklyn,2,0,7/15/2019,,B-01377649,126923
68 STREET,BLISS TERRACE,NARROWS AVENUE,Brooklyn,2,0,7/15/2019,,B-01377649,126922
BEDFORD AVENUE,FARRAGUT ROAD,GLENWOOD ROAD,Brooklyn,1,1,7/12/2019,,B-01369892 / 01370935,28514
COLUMBIA HEIGHTS,CRANBERRY STREET,VINE STREET,Brooklyn,1,0,7/11/2019,,B-01366351,191521
COLUMBIA HEIGHTS,CRANBERRY STREET,VINE STREET,Brooklyn,1,0,7/11/2019,,B-01366351,191520
COLUMBIA HEIGHTS,CRANBERRY STREET,VINE STREET,Brooklyn,1,0,7/11/2019,,B-01366351,23911
COLUMBIA HEIGHTS,CRANBERRY STREET,VINE STREET,Brooklyn,1,0,7/11/2019,,B-01366351,162530
COLUMBIA HEIGHTS,CRANBERRY STREET,VINE STREET,Brooklyn,1,0,7/11/2019,,B-01366351,162526
COLUMBIA HEIGHTS,CRANBERRY STREET,VINE STREET,Brooklyn,1,0,7/11/2019,,B-01366351,162525
EAST 91 STREET,1 AVENUE,2 AVENUE,Manhattan,1,1,7/10/2019,,B-01370421,37879
CLAREMONT AVENUE,WEST 120 STREET,WEST 119 STREET,Manhattan,1,1,7/8/2019,,B-01370486 / 01370499,38257
CLAREMONT AVENUE,WEST 119 STREET,WEST 116 STREET,Manhattan,2,2,7/8/2019,,B-01370486 / 01370499,38257
CLAREMONT AVENUE,WEST 119 STREET,WEST 116 STREET,Manhattan,2,2,7/8/2019,,B-01370486 / 01370499,38259
CLAREMONT AVENUE,WEST 119 STREET,WEST 116 STREET,Manhattan,2,2,7/8/2019,,B-01370486 / 01370499,293909
ESSEX STREET,ATLANTIC AVENUE,LIBERTY AVENUE,Brooklyn,1,0,7/3/2019,,B-01367997,168512
ESSEX STREET,ATLANTIC AVENUE,LIBERTY AVENUE,Brooklyn,1,0,7/3/2019,,B-01367997,168513
224 STREET,223 PLACE,64 AVENUE,Queens,1,0,7/2/2019,,B-01379719 / 01379722,101242
224 STREET,223 PLACE,64 AVENUE,Queens,1,0,7/2/2019,,B-01379719 / 01379722,101343
224 STREET,223 PLACE,64 AVENUE,Queens,1,0,7/2/2019,,B-01379719 / 01379722,101244
224 STREET,64 AVENUE,65 AVENUE,Queens,1,0,7/2/2019,,B-01379719 / 01379722,101242
224 STREET,65 AVENUE,67 AVENUE,Queens,1,0,7/2/2019,,B-01379719 / 01379722,101244
VERMONT STREET,WORTMAN AVENUE,COZINE AVENUE,Brooklyn,1,1,7/2/2019,,B-01367609 / 01367647,46872
CROWN STREET,UTICA AVENUE,SCHENECTADY AVENUE,Brooklyn,1,1,7/2/2019,,B-01366700,43154
CROWN STREET,SCHENECTADY AVENUE,TROY AVENUE,Brooklyn,1,0,7/2/2019,,B-01366700,43059
18 AVENUE,BENSON AVENUE,BATH AVENUE,Brooklyn,1,0,6/27/2019,,B-01380150 / 01341410,18590
18 AVENUE,BENSON AVENUE,BATH AVENUE,Brooklyn,1,0,6/27/2019,,B-01380150 / 01341410,18650
MYRTLE AVENUE,MARCY AVENUE,NOSTRAND AVENUE,Brooklyn,2,0,6/26/2019,,B-01341490 / 01341503,9008424
MYRTLE AVENUE,MARCY AVENUE,NOSTRAND AVENUE,Brooklyn,2,0,6/26/2019,,B-01341490 / 01341503,9008425
AVENUE Z,SHELL ROAD,WEST 3 STREET,Brooklyn,1,0,6/19/2019,,B-01340668 / 01340696,163090
AVENUE Z,SHELL ROAD,WEST 3 STREET,Brooklyn,1,0,6/19/2019,,B-01340668 / 01340696,163089
AVENUE Z,EAST 2 STREET,EAST 1 STREET,Brooklyn,1,0,6/18/2019,,B-01340668 / 01340696,25256
AVENUE Z,CONEY ISLAND AVENUE,EAST 7 STREET,Brooklyn,1,1,6/17/2019,,B-01340668 / 01340696,25599
GUY R BREWER BOULEVARD,JAMAICA AVENUE,ARCHER AVENUE,Queens,1,0,6/14/2019,,B-01342032 / 01342047,60094
GUY R BREWER BOULEVARD,107 AVENUE,108 AVENUE,Queens,1,0,6/12/2019,,B-01342032 / 01342047,60189
GUY R BREWER BOULEVARD,108 AVENUE,109 AVENUE,Queens,1,0,6/11/2019,,B-01342032 / 01342047,60331
WEST 212 STREET,10 AVENUE,BROADWAY,Manhattan,1,1,6/7/2019,,B-01367949,72901
EAST 218 STREET,PAULDING AVENUE,BRONXWOOD AVENUE,Bronx,1,0,6/6/2019,,B-01372800,89067
EAST 196 STREET,MORRIS AVENUE,PARKVIEW TERRACE,Bronx,1,0,6/6/2019,,B-01371643 / 01371649,107174
ANTHONY AVENUE,BUSH STREET,EAST 179 STREET,Bronx,1,0,6/6/2019,,B-01371635,78427
SOUTH WILLIAM STREET,MILL LANE,BROAD STREET,Manhattan,1,1,6/6/2019,,B-01370524,277230
SOUTH WILLIAM STREET,MILL LANE,BROAD STREET,Manhattan,1,1,6/6/2019,,B-01370524,277231
WEST 114 STREET,FREDERICK DOUGLASS BOULEVARD,ADAM CLAYTON POWELL JR BOULEVARD,Manhattan,2,2,6/6/2019,,B-01368934,9003927
WEST 114 STREET,FREDERICK DOUGLASS BOULEVARD,ADAM CLAYTON POWELL JR BOULEVARD,Manhattan,2,2,6/6/2019,,B-01368934,9003925
WEST 114 STREET,FREDERICK DOUGLASS BOULEVARD,ADAM CLAYTON POWELL JR BOULEVARD,Manhattan,2,2,6/6/2019,,B-01368934,9003926
WEST 114 STREET,FREDERICK DOUGLASS BOULEVARD,ADAM CLAYTON POWELL JR BOULEVARD,Manhattan,2,2,6/6/2019,,B-01368934,166421
WEST 114 STREET,FREDERICK DOUGLASS BOULEVARD,ADAM CLAYTON POWELL JR BOULEVARD,Manhattan,2,2,6/6/2019,,B-01368934,9003922
WEST 114 STREET,FREDERICK DOUGLASS BOULEVARD,ADAM CLAYTON POWELL JR BOULEVARD,Manhattan,2,2,6/6/2019,,B-01368934,9003923
EAST 120 STREET,1 AVENUE,2 AVENUE,Manhattan,3,3,6/5/2019,,B-01368939,287505
EAST 120 STREET,1 AVENUE,2 AVENUE,Manhattan,3,3,6/5/2019,,B-01368939,287625
EAST 120 STREET,1 AVENUE,2 AVENUE,Manhattan,3,3,6/5/2019,,B-01368939,287626
EAST 120 STREET,1 AVENUE,2 AVENUE,Manhattan,3,3,6/5/2019,,B-01368939,287506
EAST 120 STREET,1 AVENUE,2 AVENUE,Manhattan,3,3,6/5/2019,,B-01368939,287558
LINWOOD STREET,NEW LOTS AVENUE,HEGEMAN AVENUE,Brooklyn,2,0,5/30/2019,,B-01367964,293981
LINWOOD STREET,NEW LOTS AVENUE,HEGEMAN AVENUE,Brooklyn,2,0,5/30/2019,,B-01367964,293982
EAST 82 STREET,YORK AVENUE,1 AVENUE,Manhattan,2,2,5/30/2019,,B-01367677,37750
EAST 89 STREET,MADISON AVENUE,5 AVENUE,Manhattan,1,1,5/30/2019,,B-01368853,301962
EAST 89 STREET,MADISON AVENUE,5 AVENUE,Manhattan,1,1,5/30/2019,,B-01368853,301963
EAST 89 STREET,MADISON AVENUE,5 AVENUE,Manhattan,1,1,5/30/2019,,B-01368853,301958
76 STREET,32 AVENUE,NORTHERN BOULEVARD,Queens,1,0,5/29/2019,,B-01368289,130506
76 STREET,32 AVENUE,NORTHERN BOULEVARD,Queens,1,0,5/29/2019,,B-01368289,130507
76 STREET,32 AVENUE,NORTHERN BOULEVARD,Queens,1,0,5/29/2019,,B-01368289,130504
76 STREET,32 AVENUE,NORTHERN BOULEVARD,Queens,1,0,5/29/2019,,B-01368289,130505
70 ROAD,METROPOLITAN AVENUE,SYBILLA STREET,Queens,1,0,5/29/2019,,B-01369856 / 01369863,128979
70 ROAD,METROPOLITAN AVENUE,SYBILLA STREET,Queens,1,0,5/29/2019,,B-01369856 / 01369863,128980
73 AVENUE,260 STREET,263 STREET,Queens,1,0,5/28/2019,,B-01369779 / 01369791,107719
73 AVENUE,260 STREET,263 STREET,Queens,1,0,5/28/2019,,B-01369779 / 01369791,107717
73 AVENUE,260 STREET,263 STREET,Queens,1,0,5/28/2019,,B-01369779 / 01369791,184084
73 AVENUE,260 STREET,263 STREET,Queens,1,0,5/28/2019,,B-01369779 / 01369791,184085
21 AVENUE,19 STREET,SHORE BOULEVARD,Queens,1,0,5/24/2019,,B-01368024 / 01368031,68905
140 AVENUE,168 STREET,167 STREET,Queens,1,0,5/23/2019,,B-01367943 / 01367951,59600
133 ROAD,FARMERS BOULEVARD,GARRETT STREET,Queens,1,0,5/23/2019,,B-01367966 / 01367974,112988
133 ROAD,FARMERS BOULEVARD,GARRETT STREET,Queens,1,0,5/23/2019,,B-01367966 / 01367974,112987
EAST 17 STREET,AVENUE I,AVENUE J,Brooklyn,1,1,5/23/2019,,B-01368040,27202
WEST 3 STREET,AVENUE S,LLOYD COURT,Brooklyn,1,0,5/23/2019,,B-01366370,25081
EAST 13 STREET,AVENUE U,AVENUE V,Brooklyn,1,0,5/23/2019,,B-01368044,25822
BAY 35 STREET,BENSON AVENUE,BATH AVENUE,Brooklyn,1,1,5/22/2019,,B-01367634,18901
BAY 14 STREET,BENSON AVENUE,86 STREET,Brooklyn,2,0,5/22/2019,,B-01367660,127132
BAY 14 STREET,BENSON AVENUE,86 STREET,Brooklyn,2,0,5/22/2019,,B-01367660,127131
AVENUE V,COLEMAN STREET,KIMBALL STREET,Brooklyn,1,0,5/21/2019,,B-01366140 / 01366158,41184
72 STREET,53 ROAD,GRAND AVENUE,Queens,2,0,5/21/2019,,B-01369908 / 01369914,74376
72 STREET,53 ROAD,GRAND AVENUE,Queens,2,0,5/21/2019,,B-01369908 / 01369914,74374
72 STREET,52 AVENUE,53 AVENUE,Queens,1,0,5/21/2019,,B-01369908 / 01369914,74390
36 STREET,DITMARS BOULEVARD,23 AVENUE,Queens,2,0,5/20/2019,,B-01368033,129922
36 STREET,DITMARS BOULEVARD,23 AVENUE,Queens,2,0,5/20/2019,,B-01368033,129920
36 STREET,DITMARS BOULEVARD,23 AVENUE,Queens,2,0,5/20/2019,,B-01368033,129921
36 STREET,DITMARS BOULEVARD,23 AVENUE,Queens,2,0,5/20/2019,,B-01368033,129919
33 STREET,23 AVENUE,23 ROAD,Queens,1,0,5/20/2019,,B-01367984,68950
EAST 26 STREET,AVENUE D,CLARENDON ROAD,Brooklyn,1,0,5/20/2019,,B-01367337,127474
EAST 26 STREET,AVENUE D,CLARENDON ROAD,Brooklyn,1,0,5/20/2019,,B-01367337,127475
EAST 55 STREET,AVENUE N,AVENUE M,Brooklyn,1,0,5/20/2019,,B-01367393,41248
EAST 57 STREET,AVENUE M,AVENUE N,Brooklyn,1,1,5/20/2019,,B-01367349,41347
70 AVENUE,141 STREET,137 STREET,Queens,2,0,5/17/2019,,B-01369852,89869
64 AVENUE,181 STREET,182 STREET,Queens,2,0,5/16/2019,,B-01367922 / 01367935,96147
64 AVENUE,184 STREET,185 STREET,Queens,2,0,5/16/2019,,B-01367922 / 01367935,180306
64 AVENUE,184 STREET,185 STREET,Queens,2,0,5/16/2019,,B-01367922 / 01367935,180305
64 AVENUE,182 STREET,183 STREET,Queens,1,0,5/16/2019,,B-01367922 / 01367935,96259
59 ROAD,60 LANE,60 STREET,Queens,1,0,5/15/2019,,B-01367752,130011
59 ROAD,60 LANE,60 STREET,Queens,1,0,5/15/2019,,B-01367752,130012
65 ROAD,110 STREET,108 STREET,Queens,2,0,5/14/2019,,B-01367669,131138
65 ROAD,110 STREET,108 STREET,Queens,2,0,5/14/2019,,B-01367669,131135
65 ROAD,110 STREET,108 STREET,Queens,2,0,5/14/2019,,B-01367669,131136
65 ROAD,110 STREET,108 STREET,Queens,2,0,5/14/2019,,B-01367669,131137
63 DRIVE,99 STREET,98 PLACE,Queens,1,1,5/14/2019,,B-01367656,81981
JAVA STREET,MC GUINNESS BOULEVARD,MANHATTAN AVENUE,Brooklyn,2,2,5/10/2019,,B-01367947,165115
JAVA STREET,MC GUINNESS BOULEVARD,MANHATTAN AVENUE,Brooklyn,2,2,5/10/2019,,B-01367947,165114
224 STREET,LINDEN BOULEVARD,116 AVENUE,Queens,2,0,5/10/2019,,B-01367980 / 01369624,65306
57 STREET,31 AVENUE,30 AVENUE,Queens,2,0,5/9/2019,,B-01367643,289253
57 STREET,31 AVENUE,30 AVENUE,Queens,2,0,5/9/2019,,B-01367643,289254
DUMONT AVENUE,MOTHER GASTON BOULEVARD,ROCKAWAY AVENUE,Brooklyn,2,0,5/9/2019,,B-01366281 / 01366302,167638
DUMONT AVENUE,MOTHER GASTON BOULEVARD,ROCKAWAY AVENUE,Brooklyn,2,0,5/9/2019,,B-01366281 / 01366302,9007518
DUMONT AVENUE,MOTHER GASTON BOULEVARD,ROCKAWAY AVENUE,Brooklyn,2,0,5/9/2019,,B-01366281 / 01366302,9007511
DUMONT AVENUE,MOTHER GASTON BOULEVARD,ROCKAWAY AVENUE,Brooklyn,2,0,5/9/2019,,B-01366281 / 01366302,9007510
DUMONT AVENUE,MOTHER GASTON BOULEVARD,ROCKAWAY AVENUE,Brooklyn,2,0,5/9/2019,,B-01366281 / 01366302,9007513
DUMONT AVENUE,MOTHER GASTON BOULEVARD,ROCKAWAY AVENUE,Brooklyn,2,0,5/9/2019,,B-01366281 / 01366302,9007512
DUMONT AVENUE,MOTHER GASTON BOULEVARD,ROCKAWAY AVENUE,Brooklyn,2,0,5/9/2019,,B-01366281 / 01366302,9007515
DUMONT AVENUE,MOTHER GASTON BOULEVARD,ROCKAWAY AVENUE,Brooklyn,2,0,5/9/2019,,B-01366281 / 01366302,9007514
DUMONT AVENUE,MOTHER GASTON BOULEVARD,ROCKAWAY AVENUE,Brooklyn,2,0,5/9/2019,,B-01366281 / 01366302,9007517
DUMONT AVENUE,MOTHER GASTON BOULEVARD,ROCKAWAY AVENUE,Brooklyn,2,0,5/9/2019,,B-01366281 / 01366302,9007516
DUMONT AVENUE,MOTHER GASTON BOULEVARD,ROCKAWAY AVENUE,Brooklyn,2,0,5/9/2019,,B-01366281 / 01366302,9007499
DUMONT AVENUE,MOTHER GASTON BOULEVARD,ROCKAWAY AVENUE,Brooklyn,2,0,5/9/2019,,B-01366281 / 01366302,9007507
DUMONT AVENUE,MOTHER GASTON BOULEVARD,ROCKAWAY AVENUE,Brooklyn,2,0,5/9/2019,,B-01366281 / 01366302,9007504
DUMONT AVENUE,MOTHER GASTON BOULEVARD,ROCKAWAY AVENUE,Brooklyn,2,0,5/9/2019,,B-01366281 / 01366302,9007505
DUMONT AVENUE,MOTHER GASTON BOULEVARD,ROCKAWAY AVENUE,Brooklyn,2,0,5/9/2019,,B-01366281 / 01366302,9007502
DUMONT AVENUE,MOTHER GASTON BOULEVARD,ROCKAWAY AVENUE,Brooklyn,2,0,5/9/2019,,B-01366281 / 01366302,9007503
DUMONT AVENUE,MOTHER GASTON BOULEVARD,ROCKAWAY AVENUE,Brooklyn,2,0,5/9/2019,,B-01366281 / 01366302,9007500
DUMONT AVENUE,MOTHER GASTON BOULEVARD,ROCKAWAY AVENUE,Brooklyn,2,0,5/9/2019,,B-01366281 / 01366302,9007501
DUMONT AVENUE,MOTHER GASTON BOULEVARD,ROCKAWAY AVENUE,Brooklyn,2,0,5/9/2019,,B-01366281 / 01366302,9009333
DUMONT AVENUE,MOTHER GASTON BOULEVARD,ROCKAWAY AVENUE,Brooklyn,2,0,5/9/2019,,B-01366281 / 01366302,9009332
DUMONT AVENUE,MOTHER GASTON BOULEVARD,ROCKAWAY AVENUE,Brooklyn,2,0,5/9/2019,,B-01366281 / 01366302,9007508
DUMONT AVENUE,MOTHER GASTON BOULEVARD,ROCKAWAY AVENUE,Brooklyn,2,0,5/9/2019,,B-01366281 / 01366302,9007509
88 STREET,PARK LN SOUTH,JAMAICA AVENUE,Queens,1,0,5/8/2019,,B-01367694,52536
88 STREET,PARK LN SOUTH,JAMAICA AVENUE,Queens,1,0,5/8/2019,,B-01367694,52547
88 STREET,85 ROAD,JAMAICA AVENUE,Queens,3,0,5/8/2019,,B-01367694,52536
129 STREET,KEW GARDENS ROAD,METROPOLITAN AVENUE,Queens,1,0,5/7/2019,,B-01367666,56367
EUCLID AVENUE,ETNA STREET,RIDGEWOOD AVENUE,Brooklyn,1,0,5/7/2019,,B-01366204,48341
EAST 87 STREET,AVENUE A,AVENUE B,Brooklyn,1,0,5/7/2019,,B-01366359,109926
EAST 87 STREET,AVENUE A,AVENUE B,Brooklyn,1,0,5/7/2019,,B-01366359,109927
EAST 94 STREET,FOSTER AVENUE,FARRAGUT ROAD,Brooklyn,1,0,5/7/2019,,B-01366646,42872
EAST 2 STREET,ALBEMARLE ROAD,CHURCH AVENUE,Brooklyn,1,0,5/6/2019,,B-01369247,27716
EAST 15 STREET,SHORE PARKWAY,EMMONS AVENUE,Brooklyn,1,1,5/6/2019,,B-01368038,26059
EAST 29 STREET,AVENUE N,AVENUE M,Brooklyn,2,2,5/3/2019,,B-01366956,27598
BAINBRIDGE STREET,SARATOGA AVENUE,HOWARD AVENUE,Brooklyn,2,0,5/1/2019,,B-01366601,106354
BAINBRIDGE STREET,SARATOGA AVENUE,HOWARD AVENUE,Brooklyn,2,0,5/1/2019,,B-01366601,106355
68 DRIVE,140 STREET,138 STREET,Queens,2,0,5/1/2019,,B-01367797 / 01367827,89874
68 DRIVE,140 STREET,138 STREET,Queens,2,0,5/1/2019,,B-01367797 / 01367827,90039
68 DRIVE,138 STREET,136 STREET,Queens,1,0,5/1/2019,,B-01367797 / 01367827,107412
68 DRIVE,138 STREET,136 STREET,Queens,1,0,5/1/2019,,B-01367797 / 01367827,107413
WOODBINE STREET,CENTRAL AVENUE,EVERGREEN AVENUE,Brooklyn,2,0,4/30/2019,,B-01366291,45097
MONROE STREET,FRANKLIN AVENUE,CLASSON AVENUE,Brooklyn,1,0,4/30/2019,,B-01366211,29471
84 STREET,FORT HAMILTON PARKWAY,5 AVENUE,Brooklyn,2,0,4/24/2019,,B-01336385,17169
66 STREET,16 AVENUE,DURYEA COURT,Brooklyn,1,1,4/23/2019,,B-01366385,20011
66 STREET,DURYEA COURT,15 AVENUE,Brooklyn,1,1,4/23/2019,,B-01366385,19909
41 STREET,8 AVENUE,7 AVENUE,Brooklyn,2,0,4/15/2019,,B-01366379,21097
CHERRY STREET,MARKET STREET,CATHERINE SLIP,Manhattan,2,0,4/8/2019,,B-01318867,227709
CHERRY STREET,MARKET STREET,CATHERINE SLIP,Manhattan,2,0,4/8/2019,,B-01318867,227708
CHERRY STREET,MARKET STREET,CATHERINE SLIP,Manhattan,2,0,4/8/2019,,B-01318867,162554
CHERRY STREET,MARKET STREET,CATHERINE SLIP,Manhattan,2,0,4/8/2019,,B-01318867,162555
CHERRY STREET,MARKET STREET,CATHERINE SLIP,Manhattan,2,0,4/8/2019,,B-01318867,9009047
62 STREET,11 AVENUE,13 AVENUE,Brooklyn,1,0,4/4/2019,,B-01298958,127155
62 STREET,11 AVENUE,13 AVENUE,Brooklyn,1,0,4/4/2019,,B-01298958,19795
62 STREET,11 AVENUE,13 AVENUE,Brooklyn,1,0,4/4/2019,,B-01298958,127154
62 STREET,11 AVENUE,13 AVENUE,Brooklyn,1,0,4/4/2019,,B-01298958,127156
62 STREET,12 AVENUE,13 AVENUE,Brooklyn,1,0,4/4/2019,,B-01298958,19795
73 STREET,6 AVENUE,5 AVENUE,Brooklyn,2,0,4/3/2019,,B-01343341,126866
73 STREET,6 AVENUE,5 AVENUE,Brooklyn,2,0,4/3/2019,,B-01343341,126865
PROSPECT PLACE,NEW YORK AVENUE,NOSTRAND AVENUE,Brooklyn,1,0,4/1/2019,,B-01268031,29751
PROSPECT PLACE,BROOKLYN AVENUE,NEW YORK AVENUE,Brooklyn,1,1,4/1/2019,,B-01300663,29757
EAST HAMPTON BOULEVARD,232 STREET,231 STREET,Queens,1,0,3/29/2019,,B-01336477 / 01336475,101407
33 STREET,DITMARS BOULEVARD,23 AVENUE,Queens,1,1,3/29/2019,,B-01341915,68953
33 STREET,DITMARS BOULEVARD,23 AVENUE,Queens,1,1,3/29/2019,,B-01341915,69008
EAST 29 STREET,AVENUE P,KINGS HWY,Brooklyn,3,3,3/29/2019,,B-01334222,163535
EAST 29 STREET,AVENUE P,KINGS HWY,Brooklyn,3,3,3/29/2019,,B-01334222,163534
53 DRIVE,70 STREET,69 STREET,Queens,1,0,3/28/2019,,B-01345773 / 01345776,74187
HOMECREST AVENUE,AVENUE Z,WILLIAMS COURT,Brooklyn,1,0,3/28/2019,11/18/2019,B-01336153 / 01336157,25926
HENDRIX STREET,FULTON STREET,ATLANTIC AVENUE,Brooklyn,1,0,1/31/2020,,B-01300746,168446
HENDRIX STREET,FULTON STREET,ATLANTIC AVENUE,Brooklyn,1,0,1/31/2020,,B-01300746,168445
STRICKLAND AVENUE,MILL AVENUE,EAST 60 PLACE,Brooklyn,2,0,1/29/2020,,B-01367753,41520
EAST 107 STREET,AVENUE J,FLATLANDS AVENUE,Brooklyn,2,2,1/7/2020,,B-01400494,128717
EAST 107 STREET,AVENUE J,FLATLANDS AVENUE,Brooklyn,2,2,1/7/2020,,B-01400494,186735
EAST 107 STREET,AVENUE J,FLATLANDS AVENUE,Brooklyn,2,2,1/7/2020,,B-01400494,186736
OCEAN PARKWAY,18 AVENUE,DITMAS AVENUE,Brooklyn,2,2,7/10/2019,,B-01368095,163568
OCEAN PARKWAY,18 AVENUE,DITMAS AVENUE,Brooklyn,2,2,7/10/2019,,B-01368095,163569
RYDER STREET,FILLMORE AVENUE,AVENUE S,Brooklyn,1,0,8/5/2019,,B-01381403,40971
STUART STREET,AVENUE S,AVENUE T,Brooklyn,1,0,6/28/2019,,B-01366931,39865
EASTERN PARKWAY,BEDFORD AVENUE,ROGERS AVENUE,Brooklyn,1,1,5/21/2019,,B-01366251,29517
EASTERN PARKWAY,ROGERS AVENUE,BEDFORD AVENUE,Brooklyn,1,0,5/21/2019,,B-01366234,29517
EASTERN PARKWAY,BROOKLYN AVENUE,NEW YORK AVENUE,Brooklyn,1,1,1/3/2019,,B-01307216,29741
MYRTLE AVENUE,THROOP AVENUE,MARCUS GARVEY BLVD,Brooklyn,1,0,6/24/2019,,B-01341490 / 01341503,9007450
MYRTLE AVENUE,THROOP AVENUE,MARCUS GARVEY BLVD,Brooklyn,1,0,6/24/2019,,B-01341490 / 01341503,9007443
MYRTLE AVENUE,THROOP AVENUE,MARCUS GARVEY BLVD,Brooklyn,1,0,6/24/2019,,B-01341490 / 01341503,9007437
MYRTLE AVENUE,THROOP AVENUE,MARCUS GARVEY BLVD,Brooklyn,1,0,6/24/2019,,B-01341490 / 01341503,9007441
MYRTLE AVENUE,THROOP AVENUE,MARCUS GARVEY BLVD,Brooklyn,1,0,6/24/2019,,B-01341490 / 01341503,9007447
MYRTLE AVENUE,THROOP AVENUE,MARCUS GARVEY BLVD,Brooklyn,1,0,6/24/2019,,B-01341490 / 01341503,9007446
MYRTLE AVENUE,THROOP AVENUE,MARCUS GARVEY BLVD,Brooklyn,1,0,6/24/2019,,B-01341490 / 01341503,264740
MYRTLE AVENUE,THROOP AVENUE,MARCUS GARVEY BLVD,Brooklyn,1,0,6/24/2019,,B-01341490 / 01341503,264741
MYRTLE AVENUE,THROOP AVENUE,MARCUS GARVEY BLVD,Brooklyn,1,0,6/24/2019,,B-01341490 / 01341503,264722
MYRTLE AVENUE,THROOP AVENUE,MARCUS GARVEY BLVD,Brooklyn,1,0,6/24/2019,,B-01341490 / 01341503,264723
MYRTLE AVENUE,THROOP AVENUE,MARCUS GARVEY BLVD,Brooklyn,1,0,6/24/2019,,B-01341490 / 01341503,9007438
MYRTLE AVENUE,THROOP AVENUE,MARCUS GARVEY BLVD,Brooklyn,1,0,6/24/2019,,B-01341490 / 01341503,9007450
MYRTLE AVENUE,THROOP AVENUE,MARCUS GARVEY BLVD,Brooklyn,1,0,6/24/2019,,B-01341490 / 01341503,9007443
MYRTLE AVENUE,THROOP AVENUE,MARCUS GARVEY BLVD,Brooklyn,1,0,6/24/2019,,B-01341490 / 01341503,9007437
MYRTLE AVENUE,THROOP AVENUE,MARCUS GARVEY BLVD,Brooklyn,1,0,6/24/2019,,B-01341490 / 01341503,9007441
MYRTLE AVENUE,THROOP AVENUE,MARCUS GARVEY BLVD,Brooklyn,1,0,6/24/2019,,B-01341490 / 01341503,9007447
MYRTLE AVENUE,THROOP AVENUE,MARCUS GARVEY BLVD,Brooklyn,1,0,6/24/2019,,B-01341490 / 01341503,9007446
MYRTLE AVENUE,THROOP AVENUE,MARCUS GARVEY BLVD,Brooklyn,1,0,6/24/2019,,B-01341490 / 01341503,264740
MYRTLE AVENUE,THROOP AVENUE,MARCUS GARVEY BLVD,Brooklyn,1,0,6/24/2019,,B-01341490 / 01341503,264741
MYRTLE AVENUE,THROOP AVENUE,MARCUS GARVEY BLVD,Brooklyn,1,0,6/24/2019,,B-01341490 / 01341503,264722
MYRTLE AVENUE,THROOP AVENUE,MARCUS GARVEY BLVD,Brooklyn,1,0,6/24/2019,,B-01341490 / 01341503,264723
MYRTLE AVENUE,THROOP AVENUE,MARCUS GARVEY BLVD,Brooklyn,1,0,6/24/2019,,B-01341490 / 01341503,9007438
MYRTLE AVENUE,THROOP AVENUE,MARCUS GARVEY BLVD,Brooklyn,1,0,6/24/2019,,B-01341490 / 01341503,9007450
MYRTLE AVENUE,THROOP AVENUE,MARCUS GARVEY BLVD,Brooklyn,1,0,6/24/2019,,B-01341490 / 01341503,9007443
MYRTLE AVENUE,THROOP AVENUE,MARCUS GARVEY BLVD,Brooklyn,1,0,6/24/2019,,B-01341490 / 01341503,9007437
MYRTLE AVENUE,THROOP AVENUE,MARCUS GARVEY BLVD,Brooklyn,1,0,6/24/2019,,B-01341490 / 01341503,9007441
MYRTLE AVENUE,THROOP AVENUE,MARCUS GARVEY BLVD,Brooklyn,1,0,6/24/2019,,B-01341490 / 01341503,9007447
MYRTLE AVENUE,THROOP AVENUE,MARCUS GARVEY BLVD,Brooklyn,1,0,6/24/2019,,B-01341490 / 01341503,9007446
MYRTLE AVENUE,THROOP AVENUE,MARCUS GARVEY BLVD,Brooklyn,1,0,6/24/2019,,B-01341490 / 01341503,264740
MYRTLE AVENUE,THROOP AVENUE,MARCUS GARVEY BLVD,Brooklyn,1,0,6/24/2019,,B-01341490 / 01341503,264741
MYRTLE AVENUE,THROOP AVENUE,MARCUS GARVEY BLVD,Brooklyn,1,0,6/24/2019,,B-01341490 / 01341503,264722
MYRTLE AVENUE,THROOP AVENUE,MARCUS GARVEY BLVD,Brooklyn,1,0,6/24/2019,,B-01341490 / 01341503,264723
MYRTLE AVENUE,THROOP AVENUE,MARCUS GARVEY BLVD,Brooklyn,1,0,6/24/2019,,B-01341490 / 01341503,9007438
MYRTLE AVENUE,THROOP AVENUE,MARCUS GARVEY BLVD,Brooklyn,1,0,6/24/2019,,B-01341490 / 01341503,9007450
MYRTLE AVENUE,THROOP AVENUE,MARCUS GARVEY BLVD,Brooklyn,1,0,6/24/2019,,B-01341490 / 01341503,9007443
MYRTLE AVENUE,THROOP AVENUE,MARCUS GARVEY BLVD,Brooklyn,1,0,6/24/2019,,B-01341490 / 01341503,9007437
MYRTLE AVENUE,THROOP AVENUE,MARCUS GARVEY BLVD,Brooklyn,1,0,6/24/2019,,B-01341490 / 01341503,9007441
MYRTLE AVENUE,THROOP AVENUE,MARCUS GARVEY BLVD,Brooklyn,1,0,6/24/2019,,B-01341490 / 01341503,9007447
MYRTLE AVENUE,THROOP AVENUE,MARCUS GARVEY BLVD,Brooklyn,1,0,6/24/2019,,B-01341490 / 01341503,9007446
MYRTLE AVENUE,THROOP AVENUE,MARCUS GARVEY BLVD,Brooklyn,1,0,6/24/2019,,B-01341490 / 01341503,264740
MYRTLE AVENUE,THROOP AVENUE,MARCUS GARVEY BLVD,Brooklyn,1,0,6/24/2019,,B-01341490 / 01341503,264741
MYRTLE AVENUE,THROOP AVENUE,MARCUS GARVEY BLVD,Brooklyn,1,0,6/24/2019,,B-01341490 / 01341503,264722
MYRTLE AVENUE,THROOP AVENUE,MARCUS GARVEY BLVD,Brooklyn,1,0,6/24/2019,,B-01341490 / 01341503,264723
MYRTLE AVENUE,THROOP AVENUE,MARCUS GARVEY BLVD,Brooklyn,1,0,6/24/2019,,B-01341490 / 01341503,9007438
MYRTLE AVENUE,THROOP AVENUE,MARCUS GARVEY BLVD,Brooklyn,1,0,6/24/2019,,B-01341490 / 01341503,9007450
MYRTLE AVENUE,THROOP AVENUE,MARCUS GARVEY BLVD,Brooklyn,1,0,6/24/2019,,B-01341490 / 01341503,9007443
MYRTLE AVENUE,THROOP AVENUE,MARCUS GARVEY BLVD,Brooklyn,1,0,6/24/2019,,B-01341490 / 01341503,9007437
MYRTLE AVENUE,THROOP AVENUE,MARCUS GARVEY BLVD,Brooklyn,1,0,6/24/2019,,B-01341490 / 01341503,9007441
MYRTLE AVENUE,THROOP AVENUE,MARCUS GARVEY BLVD,Brooklyn,1,0,6/24/2019,,B-01341490 / 01341503,9007447
MYRTLE AVENUE,THROOP AVENUE,MARCUS GARVEY BLVD,Brooklyn,1,0,6/24/2019,,B-01341490 / 01341503,9007446
MYRTLE AVENUE,THROOP AVENUE,MARCUS GARVEY BLVD,Brooklyn,1,0,6/24/2019,,B-01341490 / 01341503,264740
MYRTLE AVENUE,THROOP AVENUE,MARCUS GARVEY BLVD,Brooklyn,1,0,6/24/2019,,B-01341490 / 01341503,264741
MYRTLE AVENUE,THROOP AVENUE,MARCUS GARVEY BLVD,Brooklyn,1,0,6/24/2019,,B-01341490 / 01341503,264722
MYRTLE AVENUE,THROOP AVENUE,MARCUS GARVEY BLVD,Brooklyn,1,0,6/24/2019,,B-01341490 / 01341503,264723
MYRTLE AVENUE,THROOP AVENUE,MARCUS GARVEY BLVD,Brooklyn,1,0,6/24/2019,,B-01341490 / 01341503,9007438
MYRTLE AVENUE,THROOP AVENUE,MARCUS GARVEY BLVD,Brooklyn,1,0,6/24/2019,,B-01341490 / 01341503,9007450
MYRTLE AVENUE,THROOP AVENUE,MARCUS GARVEY BLVD,Brooklyn,1,0,6/24/2019,,B-01341490 / 01341503,9007443
MYRTLE AVENUE,THROOP AVENUE,MARCUS GARVEY BLVD,Brooklyn,1,0,6/24/2019,,B-01341490 / 01341503,9007437
MYRTLE AVENUE,THROOP AVENUE,MARCUS GARVEY BLVD,Brooklyn,1,0,6/24/2019,,B-01341490 / 01341503,9007441
MYRTLE AVENUE,THROOP AVENUE,MARCUS GARVEY BLVD,Brooklyn,1,0,6/24/2019,,B-01341490 / 01341503,9007447
MYRTLE AVENUE,THROOP AVENUE,MARCUS GARVEY BLVD,Brooklyn,1,0,6/24/2019,,B-01341490 / 01341503,9007446
MYRTLE AVENUE,THROOP AVENUE,MARCUS GARVEY BLVD,Brooklyn,1,0,6/24/2019,,B-01341490 / 01341503,264740
MYRTLE AVENUE,THROOP AVENUE,MARCUS GARVEY BLVD,Brooklyn,1,0,6/24/2019,,B-01341490 / 01341503,264741
MYRTLE AVENUE,THROOP AVENUE,MARCUS GARVEY BLVD,Brooklyn,1,0,6/24/2019,,B-01341490 / 01341503,264722
MYRTLE AVENUE,THROOP AVENUE,MARCUS GARVEY BLVD,Brooklyn,1,0,6/24/2019,,B-01341490 / 01341503,264723
MYRTLE AVENUE,THROOP AVENUE,MARCUS GARVEY BLVD,Brooklyn,1,0,6/24/2019,,B-01341490 / 01341503,9007438
MYRTLE AVENUE,THROOP AVENUE,MARCUS GARVEY BLVD,Brooklyn,1,0,6/24/2019,,B-01341490 / 01341503,9007450
MYRTLE AVENUE,THROOP AVENUE,MARCUS GARVEY BLVD,Brooklyn,1,0,6/24/2019,,B-01341490 / 01341503,9007443
MYRTLE AVENUE,THROOP AVENUE,MARCUS GARVEY BLVD,Brooklyn,1,0,6/24/2019,,B-01341490 / 01341503,9007437
MYRTLE AVENUE,THROOP AVENUE,MARCUS GARVEY BLVD,Brooklyn,1,0,6/24/2019,,B-01341490 / 01341503,9007441
MYRTLE AVENUE,THROOP AVENUE,MARCUS GARVEY BLVD,Brooklyn,1,0,6/24/2019,,B-01341490 / 01341503,9007447
MYRTLE AVENUE,THROOP AVENUE,MARCUS GARVEY BLVD,Brooklyn,1,0,6/24/2019,,B-01341490 / 01341503,9007446
MYRTLE AVENUE,THROOP AVENUE,MARCUS GARVEY BLVD,Brooklyn,1,0,6/24/2019,,B-01341490 / 01341503,264740
MYRTLE AVENUE,THROOP AVENUE,MARCUS GARVEY BLVD,Brooklyn,1,0,6/24/2019,,B-01341490 / 01341503,264741
MYRTLE AVENUE,THROOP AVENUE,MARCUS GARVEY BLVD,Brooklyn,1,0,6/24/2019,,B-01341490 / 01341503,264722
MYRTLE AVENUE,THROOP AVENUE,MARCUS GARVEY BLVD,Brooklyn,1,0,6/24/2019,,B-01341490 / 01341503,264723
MYRTLE AVENUE,THROOP AVENUE,MARCUS GARVEY BLVD,Brooklyn,1,0,6/24/2019,,B-01341490 / 01341503,9007438
MYRTLE AVENUE,THROOP AVENUE,MARCUS GARVEY BLVD,Brooklyn,1,0,6/24/2019,,B-01341490 / 01341503,9007450
MYRTLE AVENUE,THROOP AVENUE,MARCUS GARVEY BLVD,Brooklyn,1,0,6/24/2019,,B-01341490 / 01341503,9007443
MYRTLE AVENUE,THROOP AVENUE,MARCUS GARVEY BLVD,Brooklyn,1,0,6/24/2019,,B-01341490 / 01341503,9007437
MYRTLE AVENUE,THROOP AVENUE,MARCUS GARVEY BLVD,Brooklyn,1,0,6/24/2019,,B-01341490 / 01341503,9007441
MYRTLE AVENUE,THROOP AVENUE,MARCUS GARVEY BLVD,Brooklyn,1,0,6/24/2019,,B-01341490 / 01341503,9007447
MYRTLE AVENUE,THROOP AVENUE,MARCUS GARVEY BLVD,Brooklyn,1,0,6/24/2019,,B-01341490 / 01341503,9007446
MYRTLE AVENUE,THROOP AVENUE,MARCUS GARVEY BLVD,Brooklyn,1,0,6/24/2019,,B-01341490 / 01341503,264740
MYRTLE AVENUE,THROOP AVENUE,MARCUS GARVEY BLVD,Brooklyn,1,0,6/24/2019,,B-01341490 / 01341503,264741
MYRTLE AVENUE,THROOP AVENUE,MARCUS GARVEY BLVD,Brooklyn,1,0,6/24/2019,,B-01341490 / 01341503,264722
MYRTLE AVENUE,THROOP AVENUE,MARCUS GARVEY BLVD,Brooklyn,1,0,6/24/2019,,B-01341490 / 01341503,264723
MYRTLE AVENUE,THROOP AVENUE,MARCUS GARVEY BLVD,Brooklyn,1,0,6/24/2019,,B-01341490 / 01341503,9007438
MYRTLE AVENUE,THROOP AVENUE,MARCUS GARVEY BLVD,Brooklyn,1,0,6/24/2019,,B-01341490 / 01341503,9007450
MYRTLE AVENUE,THROOP AVENUE,MARCUS GARVEY BLVD,Brooklyn,1,0,6/24/2019,,B-01341490 / 01341503,9007443
MYRTLE AVENUE,THROOP AVENUE,MARCUS GARVEY BLVD,Brooklyn,1,0,6/24/2019,,B-01341490 / 01341503,9007437
MYRTLE AVENUE,THROOP AVENUE,MARCUS GARVEY BLVD,Brooklyn,1,0,6/24/2019,,B-01341490 / 01341503,9007441
MYRTLE AVENUE,THROOP AVENUE,MARCUS GARVEY BLVD,Brooklyn,1,0,6/24/2019,,B-01341490 / 01341503,9007447
MYRTLE AVENUE,THROOP AVENUE,MARCUS GARVEY BLVD,Brooklyn,1,0,6/24/2019,,B-01341490 / 01341503,9007446
MYRTLE AVENUE,THROOP AVENUE,MARCUS GARVEY BLVD,Brooklyn,1,0,6/24/2019,,B-01341490 / 01341503,264740
MYRTLE AVENUE,THROOP AVENUE,MARCUS GARVEY BLVD,Brooklyn,1,0,6/24/2019,,B-01341490 / 01341503,264741
MYRTLE AVENUE,THROOP AVENUE,MARCUS GARVEY BLVD,Brooklyn,1,0,6/24/2019,,B-01341490 / 01341503,264722
MYRTLE AVENUE,THROOP AVENUE,MARCUS GARVEY BLVD,Brooklyn,1,0,6/24/2019,,B-01341490 / 01341503,264723
MYRTLE AVENUE,THROOP AVENUE,MARCUS GARVEY BLVD,Brooklyn,1,0,6/24/2019,,B-01341490 / 01341503,9007438
MYRTLE AVENUE,THROOP AVENUE,MARCUS GARVEY BLVD,Brooklyn,1,0,6/24/2019,,B-01341490 / 01341503,9007450
MYRTLE AVENUE,THROOP AVENUE,MARCUS GARVEY BLVD,Brooklyn,1,0,6/24/2019,,B-01341490 / 01341503,9007443
MYRTLE AVENUE,THROOP AVENUE,MARCUS GARVEY BLVD,Brooklyn,1,0,6/24/2019,,B-01341490 / 01341503,9007437
MYRTLE AVENUE,THROOP AVENUE,MARCUS GARVEY BLVD,Brooklyn,1,0,6/24/2019,,B-01341490 / 01341503,9007441
MYRTLE AVENUE,THROOP AVENUE,MARCUS GARVEY BLVD,Brooklyn,1,0,6/24/2019,,B-01341490 / 01341503,9007447
MYRTLE AVENUE,THROOP AVENUE,MARCUS GARVEY BLVD,Brooklyn,1,0,6/24/2019,,B-01341490 / 01341503,9007446
MYRTLE AVENUE,THROOP AVENUE,MARCUS GARVEY BLVD,Brooklyn,1,0,6/24/2019,,B-01341490 / 01341503,264740
MYRTLE AVENUE,THROOP AVENUE,MARCUS GARVEY BLVD,Brooklyn,1,0,6/24/2019,,B-01341490 / 01341503,264741
MYRTLE AVENUE,THROOP AVENUE,MARCUS GARVEY BLVD,Brooklyn,1,0,6/24/2019,,B-01341490 / 01341503,264722
MYRTLE AVENUE,THROOP AVENUE,MARCUS GARVEY BLVD,Brooklyn,1,0,6/24/2019,,B-01341490 / 01341503,264723
MYRTLE AVENUE,THROOP AVENUE,MARCUS GARVEY BLVD,Brooklyn,1,0,6/24/2019,,B-01341490 / 01341503,9007438
MYRTLE AVENUE,THROOP AVENUE,MARCUS GARVEY BLVD,Brooklyn,1,0,6/24/2019,,B-01341490 / 01341503,9007450
MYRTLE AVENUE,THROOP AVENUE,MARCUS GARVEY BLVD,Brooklyn,1,0,6/24/2019,,B-01341490 / 01341503,9007443
MYRTLE AVENUE,THROOP AVENUE,MARCUS GARVEY BLVD,Brooklyn,1,0,6/24/2019,,B-01341490 / 01341503,9007437
MYRTLE AVENUE,THROOP AVENUE,MARCUS GARVEY BLVD,Brooklyn,1,0,6/24/2019,,B-01341490 / 01341503,9007441
MYRTLE AVENUE,THROOP AVENUE,MARCUS GARVEY BLVD,Brooklyn,1,0,6/24/2019,,B-01341490 / 01341503,9007447
MYRTLE AVENUE,THROOP AVENUE,MARCUS GARVEY BLVD,Brooklyn,1,0,6/24/2019,,B-01341490 / 01341503,9007446
MYRTLE AVENUE,THROOP AVENUE,MARCUS GARVEY BLVD,Brooklyn,1,0,6/24/2019,,B-01341490 / 01341503,264740
MYRTLE AVENUE,THROOP AVENUE,MARCUS GARVEY BLVD,Brooklyn,1,0,6/24/2019,,B-01341490 / 01341503,264741
MYRTLE AVENUE,THROOP AVENUE,MARCUS GARVEY BLVD,Brooklyn,1,0,6/24/2019,,B-01341490 / 01341503,264722
MYRTLE AVENUE,THROOP AVENUE,MARCUS GARVEY BLVD,Brooklyn,1,0,6/24/2019,,B-01341490 / 01341503,264723
MYRTLE AVENUE,THROOP AVENUE,MARCUS GARVEY BLVD,Brooklyn,1,0,6/24/2019,,B-01341490 / 01341503,9007438
MYRTLE AVENUE,MARCUS GARVEY BLVD,LEWIS AVENUE,Brooklyn,2,0,6/21/2019,,B-01341490 / 01341503,9007436
MYRTLE AVENUE,MARCUS GARVEY BLVD,LEWIS AVENUE,Brooklyn,2,0,6/21/2019,,B-01341490 / 01341503,9006900
MYRTLE AVENUE,MARCUS GARVEY BLVD,LEWIS AVENUE,Brooklyn,2,0,6/21/2019,,B-01341490 / 01341503,9007434
MYRTLE AVENUE,MARCUS GARVEY BLVD,LEWIS AVENUE,Brooklyn,2,0,6/21/2019,,B-01341490 / 01341503,9007435
MYRTLE AVENUE,MARCUS GARVEY BLVD,LEWIS AVENUE,Brooklyn,2,0,6/21/2019,,B-01341490 / 01341503,9007432
MYRTLE AVENUE,MARCUS GARVEY BLVD,LEWIS AVENUE,Brooklyn,2,0,6/21/2019,,B-01341490 / 01341503,9006899
MYRTLE AVENUE,MARCUS GARVEY BLVD,LEWIS AVENUE,Brooklyn,2,0,6/21/2019,,B-01341490 / 01341503,9024112
MYRTLE AVENUE,MARCUS GARVEY BLVD,LEWIS AVENUE,Brooklyn,2,0,6/21/2019,,B-01341490 / 01341503,9024113
MYRTLE AVENUE,MARCUS GARVEY BLVD,LEWIS AVENUE,Brooklyn,2,0,6/21/2019,,B-01341490 / 01341503,9024111
MYRTLE AVENUE,MARCUS GARVEY BLVD,LEWIS AVENUE,Brooklyn,2,0,6/21/2019,,B-01341490 / 01341503,9007436
MYRTLE AVENUE,MARCUS GARVEY BLVD,LEWIS AVENUE,Brooklyn,2,0,6/21/2019,,B-01341490 / 01341503,9006900
MYRTLE AVENUE,MARCUS GARVEY BLVD,LEWIS AVENUE,Brooklyn,2,0,6/21/2019,,B-01341490 / 01341503,9007434
MYRTLE AVENUE,MARCUS GARVEY BLVD,LEWIS AVENUE,Brooklyn,2,0,6/21/2019,,B-01341490 / 01341503,9007435
MYRTLE AVENUE,MARCUS GARVEY BLVD,LEWIS AVENUE,Brooklyn,2,0,6/21/2019,,B-01341490 / 01341503,9007432
MYRTLE AVENUE,MARCUS GARVEY BLVD,LEWIS AVENUE,Brooklyn,2,0,6/21/2019,,B-01341490 / 01341503,9006899
MYRTLE AVENUE,MARCUS GARVEY BLVD,LEWIS AVENUE,Brooklyn,2,0,6/21/2019,,B-01341490 / 01341503,9024112
MYRTLE AVENUE,MARCUS GARVEY BLVD,LEWIS AVENUE,Brooklyn,2,0,6/21/2019,,B-01341490 / 01341503,9024113
MYRTLE AVENUE,MARCUS GARVEY BLVD,LEWIS AVENUE,Brooklyn,2,0,6/21/2019,,B-01341490 / 01341503,9024111
MYRTLE AVENUE,MARCUS GARVEY BLVD,LEWIS AVENUE,Brooklyn,2,0,6/21/2019,,B-01341490 / 01341503,9007436
MYRTLE AVENUE,MARCUS GARVEY BLVD,LEWIS AVENUE,Brooklyn,2,0,6/21/2019,,B-01341490 / 01341503,9006900
MYRTLE AVENUE,MARCUS GARVEY BLVD,LEWIS AVENUE,Brooklyn,2,0,6/21/2019,,B-01341490 / 01341503,9007434
MYRTLE AVENUE,MARCUS GARVEY BLVD,LEWIS AVENUE,Brooklyn,2,0,6/21/2019,,B-01341490 / 01341503,9007435
MYRTLE AVENUE,MARCUS GARVEY BLVD,LEWIS AVENUE,Brooklyn,2,0,6/21/2019,,B-01341490 / 01341503,9007432
MYRTLE AVENUE,MARCUS GARVEY BLVD,LEWIS AVENUE,Brooklyn,2,0,6/21/2019,,B-01341490 / 01341503,9006899
MYRTLE AVENUE,MARCUS GARVEY BLVD,LEWIS AVENUE,Brooklyn,2,0,6/21/2019,,B-01341490 / 01341503,9024112
MYRTLE AVENUE,MARCUS GARVEY BLVD,LEWIS AVENUE,Brooklyn,2,0,6/21/2019,,B-01341490 / 01341503,9024113
MYRTLE AVENUE,MARCUS GARVEY BLVD,LEWIS AVENUE,Brooklyn,2,0,6/21/2019,,B-01341490 / 01341503,9024111
MYRTLE AVENUE,MARCUS GARVEY BLVD,LEWIS AVENUE,Brooklyn,2,0,6/21/2019,,B-01341490 / 01341503,9007436
MYRTLE AVENUE,MARCUS GARVEY BLVD,LEWIS AVENUE,Brooklyn,2,0,6/21/2019,,B-01341490 / 01341503,9006900
MYRTLE AVENUE,MARCUS GARVEY BLVD,LEWIS AVENUE,Brooklyn,2,0,6/21/2019,,B-01341490 / 01341503,9007434
MYRTLE AVENUE,MARCUS GARVEY BLVD,LEWIS AVENUE,Brooklyn,2,0,6/21/2019,,B-01341490 / 01341503,9007435
MYRTLE AVENUE,MARCUS GARVEY BLVD,LEWIS AVENUE,Brooklyn,2,0,6/21/2019,,B-01341490 / 01341503,9007432
MYRTLE AVENUE,MARCUS GARVEY BLVD,LEWIS AVENUE,Brooklyn,2,0,6/21/2019,,B-01341490 / 01341503,9006899
MYRTLE AVENUE,MARCUS GARVEY BLVD,LEWIS AVENUE,Brooklyn,2,0,6/21/2019,,B-01341490 / 01341503,9024112
MYRTLE AVENUE,MARCUS GARVEY BLVD,LEWIS AVENUE,Brooklyn,2,0,6/21/2019,,B-01341490 / 01341503,9024113
MYRTLE AVENUE,MARCUS GARVEY BLVD,LEWIS AVENUE,Brooklyn,2,0,6/21/2019,,B-01341490 / 01341503,9024111
MYRTLE AVENUE,MARCUS GARVEY BLVD,LEWIS AVENUE,Brooklyn,2,0,6/21/2019,,B-01341490 / 01341503,9007436
MYRTLE AVENUE,MARCUS GARVEY BLVD,LEWIS AVENUE,Brooklyn,2,0,6/21/2019,,B-01341490 / 01341503,9006900
MYRTLE AVENUE,MARCUS GARVEY BLVD,LEWIS AVENUE,Brooklyn,2,0,6/21/2019,,B-01341490 / 01341503,9007434
MYRTLE AVENUE,MARCUS GARVEY BLVD,LEWIS AVENUE,Brooklyn,2,0,6/21/2019,,B-01341490 / 01341503,9007435
MYRTLE AVENUE,MARCUS GARVEY BLVD,LEWIS AVENUE,Brooklyn,2,0,6/21/2019,,B-01341490 / 01341503,9007432
MYRTLE AVENUE,MARCUS GARVEY BLVD,LEWIS AVENUE,Brooklyn,2,0,6/21/2019,,B-01341490 / 01341503,9006899
MYRTLE AVENUE,MARCUS GARVEY BLVD,LEWIS AVENUE,Brooklyn,2,0,6/21/2019,,B-01341490 / 01341503,9024112
MYRTLE AVENUE,MARCUS GARVEY BLVD,LEWIS AVENUE,Brooklyn,2,0,6/21/2019,,B-01341490 / 01341503,9024113
MYRTLE AVENUE,MARCUS GARVEY BLVD,LEWIS AVENUE,Brooklyn,2,0,6/21/2019,,B-01341490 / 01341503,9024111
MYRTLE AVENUE,MARCUS GARVEY BLVD,LEWIS AVENUE,Brooklyn,2,0,6/21/2019,,B-01341490 / 01341503,9007436
MYRTLE AVENUE,MARCUS GARVEY BLVD,LEWIS AVENUE,Brooklyn,2,0,6/21/2019,,B-01341490 / 01341503,9006900
MYRTLE AVENUE,MARCUS GARVEY BLVD,LEWIS AVENUE,Brooklyn,2,0,6/21/2019,,B-01341490 / 01341503,9007434
MYRTLE AVENUE,MARCUS GARVEY BLVD,LEWIS AVENUE,Brooklyn,2,0,6/21/2019,,B-01341490 / 01341503,9007435
MYRTLE AVENUE,MARCUS GARVEY BLVD,LEWIS AVENUE,Brooklyn,2,0,6/21/2019,,B-01341490 / 01341503,9007432
MYRTLE AVENUE,MARCUS GARVEY BLVD,LEWIS AVENUE,Brooklyn,2,0,6/21/2019,,B-01341490 / 01341503,9006899
MYRTLE AVENUE,MARCUS GARVEY BLVD,LEWIS AVENUE,Brooklyn,2,0,6/21/2019,,B-01341490 / 01341503,9024112
MYRTLE AVENUE,MARCUS GARVEY BLVD,LEWIS AVENUE,Brooklyn,2,0,6/21/2019,,B-01341490 / 01341503,9024113
MYRTLE AVENUE,MARCUS GARVEY BLVD,LEWIS AVENUE,Brooklyn,2,0,6/21/2019,,B-01341490 / 01341503,9024111
MYRTLE AVENUE,MARCUS GARVEY BLVD,LEWIS AVENUE,Brooklyn,2,0,6/21/2019,,B-01341490 / 01341503,9007436
MYRTLE AVENUE,MARCUS GARVEY BLVD,LEWIS AVENUE,Brooklyn,2,0,6/21/2019,,B-01341490 / 01341503,9006900
MYRTLE AVENUE,MARCUS GARVEY BLVD,LEWIS AVENUE,Brooklyn,2,0,6/21/2019,,B-01341490 / 01341503,9007434
MYRTLE AVENUE,MARCUS GARVEY BLVD,LEWIS AVENUE,Brooklyn,2,0,6/21/2019,,B-01341490 / 01341503,9007435
MYRTLE AVENUE,MARCUS GARVEY BLVD,LEWIS AVENUE,Brooklyn,2,0,6/21/2019,,B-01341490 / 01341503,9007432
MYRTLE AVENUE,MARCUS GARVEY BLVD,LEWIS AVENUE,Brooklyn,2,0,6/21/2019,,B-01341490 / 01341503,9006899
MYRTLE AVENUE,MARCUS GARVEY BLVD,LEWIS AVENUE,Brooklyn,2,0,6/21/2019,,B-01341490 / 01341503,9024112
MYRTLE AVENUE,MARCUS GARVEY BLVD,LEWIS AVENUE,Brooklyn,2,0,6/21/2019,,B-01341490 / 01341503,9024113
MYRTLE AVENUE,MARCUS GARVEY BLVD,LEWIS AVENUE,Brooklyn,2,0,6/21/2019,,B-01341490 / 01341503,9024111
MYRTLE AVENUE,MARCUS GARVEY BLVD,LEWIS AVENUE,Brooklyn,2,0,6/21/2019,,B-01341490 / 01341503,9007436
MYRTLE AVENUE,MARCUS GARVEY BLVD,LEWIS AVENUE,Brooklyn,2,0,6/21/2019,,B-01341490 / 01341503,9006900
MYRTLE AVENUE,MARCUS GARVEY BLVD,LEWIS AVENUE,Brooklyn,2,0,6/21/2019,,B-01341490 / 01341503,9007434
MYRTLE AVENUE,MARCUS GARVEY BLVD,LEWIS AVENUE,Brooklyn,2,0,6/21/2019,,B-01341490 / 01341503,9007435
MYRTLE AVENUE,MARCUS GARVEY BLVD,LEWIS AVENUE,Brooklyn,2,0,6/21/2019,,B-01341490 / 01341503,9007432
MYRTLE AVENUE,MARCUS GARVEY BLVD,LEWIS AVENUE,Brooklyn,2,0,6/21/2019,,B-01341490 / 01341503,9006899
MYRTLE AVENUE,MARCUS GARVEY BLVD,LEWIS AVENUE,Brooklyn,2,0,6/21/2019,,B-01341490 / 01341503,9024112
MYRTLE AVENUE,MARCUS GARVEY BLVD,LEWIS AVENUE,Brooklyn,2,0,6/21/2019,,B-01341490 / 01341503,9024113
MYRTLE AVENUE,MARCUS GARVEY BLVD,LEWIS AVENUE,Brooklyn,2,0,6/21/2019,,B-01341490 / 01341503,9024111
MYRTLE AVENUE,MARCUS GARVEY BLVD,LEWIS AVENUE,Brooklyn,2,0,6/21/2019,,B-01341490 / 01341503,9007436
MYRTLE AVENUE,MARCUS GARVEY BLVD,LEWIS AVENUE,Brooklyn,2,0,6/21/2019,,B-01341490 / 01341503,9006900
MYRTLE AVENUE,MARCUS GARVEY BLVD,LEWIS AVENUE,Brooklyn,2,0,6/21/2019,,B-01341490 / 01341503,9007434
MYRTLE AVENUE,MARCUS GARVEY BLVD,LEWIS AVENUE,Brooklyn,2,0,6/21/2019,,B-01341490 / 01341503,9007435
MYRTLE AVENUE,MARCUS GARVEY BLVD,LEWIS AVENUE,Brooklyn,2,0,6/21/2019,,B-01341490 / 01341503,9007432
MYRTLE AVENUE,MARCUS GARVEY BLVD,LEWIS AVENUE,Brooklyn,2,0,6/21/2019,,B-01341490 / 01341503,9006899
MYRTLE AVENUE,MARCUS GARVEY BLVD,LEWIS AVENUE,Brooklyn,2,0,6/21/2019,,B-01341490 / 01341503,9024112
MYRTLE AVENUE,MARCUS GARVEY BLVD,LEWIS AVENUE,Brooklyn,2,0,6/21/2019,,B-01341490 / 01341503,9024113
MYRTLE AVENUE,MARCUS GARVEY BLVD,LEWIS AVENUE,Brooklyn,2,0,6/21/2019,,B-01341490 / 01341503,9024111
OCEAN PARKWAY,18 AVENUE,DITMAS AVENUE,Brooklyn,2,2,7/10/2019,,B-01368095,163568
OCEAN PARKWAY,18 AVENUE,DITMAS AVENUE,Brooklyn,2,2,7/10/2019,,B-01368095,163569
OCEAN PARKWAY,DITMAS AVENUE,AVENUE F,Brooklyn,2,2,7/10/2019,,B-01367961,163568
GUY R BREWER BOULEVARD,TUSKEGEE AIRMEN WAY,LIBERTY AVENUE,Queens,1,0,6/13/2019,,B-01342032 / 01342047,171057
GUY R BREWER BOULEVARD,TUSKEGEE AIRMEN WAY,LIBERTY AVENUE,Queens,1,0,6/13/2019,,B-01342032 / 01342047,171056
GUY R BREWER BOULEVARD,TUSKEGEE AIRMEN WAY,LIBERTY AVENUE,Queens,1,0,6/13/2019,,B-01342032 / 01342047,171057
GUY R BREWER BOULEVARD,TUSKEGEE AIRMEN WAY,LIBERTY AVENUE,Queens,1,0,6/13/2019,,B-01342032 / 01342047,171056
HENDRIX STREET,FULTON STREET,ATLANTIC AVENUE,Brooklyn,1,0,1/31/2020,,B-01300746,168446
HENDRIX STREET,FULTON STREET,ATLANTIC AVENUE,Brooklyn,1,0,1/31/2020,,B-01300746,168445
STRICKLAND AVENUE,MILL AVENUE,EAST 60 PLACE,Brooklyn,2,0,1/29/2020,,B-01367753,41520
EAST 107 STREET,AVENUE J,FLATLANDS AVENUE,Brooklyn,2,2,1/7/2020,,B-01400494,128717
EAST 107 STREET,AVENUE J,FLATLANDS AVENUE,Brooklyn,2,2,1/7/2020,,B-01400494,186735
EAST 107 STREET,AVENUE J,FLATLANDS AVENUE,Brooklyn,2,2,1/7/2020,,B-01400494,186736
GERARD AVENUE,EAST 140 STREET,EAST 144 STREET,Bronx,1,1,7/24/2019,,B-01372699,215850
GERARD AVENUE,EAST 140 STREET,EAST 144 STREET,Bronx,1,1,7/24/2019,,B-01372699,215851
EAST 56 STREET,SUTTON PLACE SOUTH,1 AVENUE,Manhattan,1,0,7/3/2019,,B-01370436,36363
CROTONA PARK EAST,CROTONA PARK PATH,EAST 173 STREET,Bronx,2,0,8/16/2019,,B-01374551,113520
HOMECREST AVENUE,WILLIAMS COURT,SHORE PARKWAY,Brooklyn,1,0,3/27/2019,,B-01336153 / 01336157,120691
51 AVENUE,72 PLACE,73 PLACE,Queens,1,0,5/15/2019,,B-01367679/01367743,74414
51 AVENUE,72 PLACE,73 PLACE,Queens,1,0,5/15/2019,,B-01367679/01367743,113276
51 AVENUE,72 PLACE,73 PLACE,Queens,1,0,5/15/2019,,B-01367679/01367743,113275
VANDERBILT AVENUE,TALBOT PLACE,TOMPKINS AVENUE,Staten Island,1,0,9/19/2019,,B-01388480 / 01388523,265448
BEACH FRONT ROAD,BEACH 69 STREET,SANDY DUNE WAY,Queens,1,0,12/20/2018,,B-01338960 / 01339115,214093
BEACH FRONT ROAD,SANDY DUNE WAY,WATER WAY,Queens,1,0,12/20/2018,,B-01338960 / 01339115,214094
BEACH FRONT ROAD,BEACH WAY,BEACH 67 STREET,Queens,2,0,12/19/2018,,B-01338960 / 01339115,250655
BEACH FRONT ROAD,BEACH WAY,BEACH 67 STREET,Queens,2,0,12/19/2018,,B-01338960 / 01339115,269692
BEACH FRONT ROAD,OCEAN AVENUE SOUTH,BEACH WAY,Queens,2,0,12/18/2018,,B-01338960 / 01339115,250659
BEACH FRONT ROAD,OCEAN AVENUE SOUTH,BEACH WAY,Queens,2,0,12/18/2018,,B-01338960 / 01339115,251131
BEACH FRONT ROAD,OCEAN AVENUE SOUTH,BEACH WAY,Queens,2,0,12/18/2018,,B-01338960 / 01339115,250684
GROTON STREET,70 AVENUE,69 AVENUE,Queens,1,0,12/17/2018,,B-01307551 / 01308891,131071
GROTON STREET,70 AVENUE,69 AVENUE,Queens,1,0,12/17/2018,,B-01307551 / 01308891,131073
GROTON STREET,70 AVENUE,69 AVENUE,Queens,1,0,12/17/2018,,B-01307551 / 01308891,131072
GROTON STREET,69 AVENUE,68 AVENUE,Queens,2,0,12/13/2018,,B-01307551 / 01308891,130991
GROTON STREET,69 AVENUE,68 AVENUE,Queens,2,0,12/13/2018,,B-01307551 / 01308891,130990
GROTON STREET,69 AVENUE,68 AVENUE,Queens,2,0,12/13/2018,,B-01307551 / 01308891,130993
GROTON STREET,69 AVENUE,68 AVENUE,Queens,2,0,12/13/2018,,B-01307551 / 01308891,130992
GROTON STREET,69 AVENUE,68 AVENUE,Queens,2,0,12/13/2018,,B-01307551 / 01308891,130995
GROTON STREET,69 AVENUE,68 AVENUE,Queens,2,0,12/13/2018,,B-01307551 / 01308891,130994
97 STREET,30 AVENUE,ASTORIA BOULEVARD,Queens,1,1,12/5/2018,,B-01310153 / 01310160,175516
97 STREET,30 AVENUE,ASTORIA BOULEVARD,Queens,1,1,12/5/2018,,B-01310153 / 01310160,175515
97 STREET,30 AVENUE,ASTORIA BOULEVARD,Queens,1,1,12/5/2018,,B-01310153 / 01310160,76808
EAST 239 STREET,VIREO AVENUE,MARTHA AVENUE,Bronx,2,0,12/5/2018,,B-01329414,88946
EAST 239 STREET,MARTHA AVENUE,KATONAH AVENUE,Bronx,1,0,12/5/2018,,B-01329414,88873
EAST 239 STREET,KATONAH AVENUE,KEPLER AVENUE,Bronx,1,0,12/5/2018,,B-01329414,81410
AVENUE V,EAST 8 STREET,EAST 7 STREET,Brooklyn,1,0,12/4/2018,,B-01339167 / 01339181,25630
56 STREET,18 AVENUE,17 AVENUE,Brooklyn,1,1,12/3/2018,,B-01337258,20303
VAN NEST AVENUE,PAULDING AVENUE,COLDEN AVENUE,Bronx,1,0,11/29/2018,,B-01337305,86496
EAST 91 STREET,AVENUE L,AVENUE M,Brooklyn,1,1,11/28/2018,,B-01332731,46471
DURYEA AVENUE,STRANG AVENUE,EAST 233 STREET,Bronx,1,0,11/28/2018,,B-01328839 / 01328844,89732
DURYEA AVENUE,NUVERN AVENUE,STRANG AVENUE,Bronx,1,0,11/28/2018,,B-01328839 / 01328844,89742
WEST 261 STREET,NETHERLAND AVENUE,INDEPENDENCE AVENUE,Bronx,1,1,11/27/2018,,B-01328212 / 01328220,81423
EAST 240 STREET,KATONAH AVENUE,VAN CORTLANDT PARK EAST,Bronx,1,0,11/27/2018,,B-01329392,296374
EAST 240 STREET,KATONAH AVENUE,VAN CORTLANDT PARK EAST,Bronx,1,0,11/27/2018,,B-01329392,296373
EAST 96 STREET,AVENUE D,NOLANS LANE,Brooklyn,1,1,11/26/2018,,B-01332740,42888
EAST 96 STREET,NOLANS LANE,FOSTER AVENUE,Brooklyn,1,1,11/26/2018,,B-1332740,42894
ESSEX STREET,JAMAICA AVENUE,RIDGEWOOD AVENUE,Brooklyn,1,0,11/19/2018,,B-01334327,48048
WEST 19 STREET,9 AVENUE,10 AVENUE,Manhattan,2,0,11/14/2018,,B-01318703,9001768
WEST 19 STREET,9 AVENUE,10 AVENUE,Manhattan,2,0,11/14/2018,,B-01318703,9001773
WEST 19 STREET,9 AVENUE,10 AVENUE,Manhattan,2,0,11/14/2018,,B-01318703,9001762
WEST 19 STREET,9 AVENUE,10 AVENUE,Manhattan,2,0,11/14/2018,,B-01318703,9001763
WEST 19 STREET,9 AVENUE,10 AVENUE,Manhattan,2,0,11/14/2018,,B-01318703,9001766
WEST 19 STREET,9 AVENUE,10 AVENUE,Manhattan,2,0,11/14/2018,,B-01318703,9001767
WEST 19 STREET,9 AVENUE,10 AVENUE,Manhattan,2,0,11/14/2018,,B-01318703,9001771
LYDIG AVENUE,WILLIAMSBRIDGE ROAD,TOMLINSON AVENUE,Bronx,1,0,11/14/2018,,B-01329352,88031
LYDIG AVENUE,TOMLINSON AVENUE,HAIGHT AVENUE,Bronx,1,0,11/14/2018,,B-01329352,87909
LYDIG AVENUE,LURTING AVENUE,HONE AVENUE,Bronx,1,0,11/14/2018,,B-01329362,87903
HENNESSY PLACE,WEST 179 STREET,WEST BURNSIDE AVENUE,Bronx,1,0,11/9/2018,,B-01329446,72830
WEST 180 STREET,OSBORNE PLACE,LORING PL SOUTH,Bronx,1,1,11/9/2018,,B-01328278,72969
KINSELLA STREET,BRONXDALE AVENUE,MATTHEWS AVENUE,Bronx,1,0,11/8/2018,,B-01329367,86208
HOE AVENUE,JENNINGS STREET,FREEMAN STREET,Bronx,1,0,11/8/2018,,B-01329449,113514
EAST 83 STREET,2 AVENUE,3 AVENUE,Manhattan,2,0,11/8/2018,,B-01324865,37649
WEST 85 STREET,COLUMBUS AVENUE,AMSTERDAM AVENUE,Manhattan,2,2,11/7/2018,,B-01339079,37216
INTERVALE AVENUE,EAST 165 STREET,WESTCHESTER AVENUE,Bronx,1,1,11/7/2018,,B-01329375 / 01329378,107102
INTERVALE AVENUE,EAST 165 STREET,WESTCHESTER AVENUE,Bronx,1,1,11/7/2018,,B-01329375 / 01329378,107103
WEST 158 STREET,AMSTERDAM AVENUE,BROADWAY,Manhattan,2,2,11/2/2018,,B-01317749,173648
WEST 158 STREET,AMSTERDAM AVENUE,BROADWAY,Manhattan,2,2,11/2/2018,,B-01317749,173647
CROTONA PARK SOUTH,CLINTON AVENUE,FRANKLIN AVENUE,Bronx,1,0,11/1/2018,,B-01324169,78489
FORSYTH STREET,RIVINGTON STREET,STANTON STREET,Manhattan,1,0,11/1/2018,,B-01324867,9001847
FORSYTH STREET,RIVINGTON STREET,STANTON STREET,Manhattan,1,0,11/1/2018,,B-01324867,9001846
FORSYTH STREET,RIVINGTON STREET,STANTON STREET,Manhattan,1,0,11/1/2018,,B-01324867,9001849
BOGART AVENUE,COLDEN AVENUE,BRADY AVENUE,Bronx,1,0,10/31/2018,,B-01325001,86251
BOGART AVENUE,COLDEN AVENUE,BRADY AVENUE,Bronx,1,0,10/31/2018,,B-01325001,87773
CHATTERTON AVENUE,PUGSLEY AVENUE,VIRGINIA AVENUE,Bronx,1,0,10/31/2018,8/7/2019,B-01324152,86268
WATERBURY AVENUE,EDISON AVENUE,BRADFORD AVENUE,Bronx,1,0,10/30/2018,,B-01328250 / 01328256,94231
HOLLAND AVENUE,WARING AVENUE,ASTOR AVENUE,Bronx,1,0,10/30/2018,,B-01328858,87644
EAST 215 STREET,HOLLAND AVENUE,WHITE PLAINS ROAD,Bronx,1,0,10/29/2018,,B-01329348,178586
EAST 215 STREET,HOLLAND AVENUE,WHITE PLAINS ROAD,Bronx,1,0,10/29/2018,,B-01329348,178587
EAST 215 STREET,HOLLAND AVENUE,BARNES AVENUE,Bronx,1,0,10/29/2018,,B-01329348,88954
EAST 214 STREET,WILSON AVENUE,MSGR CAHILL PLACE,Bronx,1,1,10/29/2018,,B-01328790 / 0 1328797,88288
SUMMIT AVENUE,WEST 162 STREET,WEST 161 STREET,Bronx,1,0,10/25/2018,,B-01328271,289802
SUMMIT AVENUE,WEST 162 STREET,WEST 161 STREET,Bronx,1,0,10/25/2018,,B-01328271,289801
WEST 44 STREET,10 AVENUE,11 AVENUE,Manhattan,1,1,10/24/2018,,B-01320317,106086
WEST 44 STREET,10 AVENUE,11 AVENUE,Manhattan,1,1,10/24/2018,,B-01320317,106085
5 AVENUE,WEST 141 STREET,WEST 139 STREET,Manhattan,1,0,10/23/2018,,B-01324764 / 01324854,69366
WEST 71 STREET,AMSTERDAM AVENUE,WEST END AVENUE,Manhattan,2,2,10/19/2018,,B-01320446,34491
HUTCHINSON RIVER PARKWAY EAST,LEE STREET,ROBERTS AVENUE,Bronx,1,0,10/19/2018,,B-01329402,116567
HUTCHINSON RIVER PARKWAY EAST,LIBBY PLACE,BUHRE AVENUE,Bronx,1,0,10/19/2018,,B-01329402,87418
STORY AVENUE,HAVEMEYER AVENUE,CASTLE HILL AVENUE,Bronx,1,0,10/18/2018,,B-01328258,86537
EAST 114 STREET,1 AVENUE,PLEASANT AVENUE,Manhattan,1,0,10/17/2018,,B-01318853,129762
EAST 114 STREET,1 AVENUE,PLEASANT AVENUE,Manhattan,1,0,10/17/2018,,B-01318853,129763
WEST 89 STREET,CENTRAL PARK WEST,COLUMBUS AVENUE,Manhattan,1,1,10/17/2018,,B-01320015,9002842
WEST 89 STREET,CENTRAL PARK WEST,COLUMBUS AVENUE,Manhattan,1,1,10/17/2018,,B-01320015,9002843
DICKINSON AVENUE,VAN CORTLANDT PARK SOUTH,SEDGWICK AVENUE,Bronx,1,0,10/17/2018,,B-01325384 / 01325432,192687
DICKINSON AVENUE,VAN CORTLANDT PARK SOUTH,SEDGWICK AVENUE,Bronx,1,0,10/17/2018,,B-01325384 / 01325432,192690
DICKINSON AVENUE,VAN CORTLANDT PARK SOUTH,SEDGWICK AVENUE,Bronx,1,0,10/17/2018,,B-01325384 / 01325432,176727
DICKINSON AVENUE,VAN CORTLANDT PARK SOUTH,SEDGWICK AVENUE,Bronx,1,0,10/17/2018,,B-01325384 / 01325432,192689
DICKINSON AVENUE,VAN CORTLANDT PARK SOUTH,SEDGWICK AVENUE,Bronx,1,0,10/17/2018,,B-01325384 / 01325432,192688
PELHAM PARKWAY NORTH,BARKER AVENUE,BRONX PARK EAST,Bronx,1,0,10/17/2018,,B-01328265,80724
WEST 112 STREET,5 AVENUE,LENOX AVENUE,Manhattan,2,2,10/16/2018,,B-01320239,9003403
WEST 112 STREET,5 AVENUE,LENOX AVENUE,Manhattan,2,2,10/16/2018,,B-01320239,9003402
WEST 112 STREET,5 AVENUE,LENOX AVENUE,Manhattan,2,2,10/16/2018,,B-01320239,9003401
WEST 112 STREET,5 AVENUE,LENOX AVENUE,Manhattan,2,2,10/16/2018,,B-01320239,9003400
WEST 112 STREET,5 AVENUE,LENOX AVENUE,Manhattan,2,2,10/16/2018,,B-01320239,9003404
WEST 112 STREET,5 AVENUE,LENOX AVENUE,Manhattan,2,2,10/16/2018,,B-01320239,9009560
WEST 112 STREET,5 AVENUE,LENOX AVENUE,Manhattan,2,2,10/16/2018,,B-01320239,9003399
WEST 112 STREET,5 AVENUE,LENOX AVENUE,Manhattan,2,2,10/16/2018,,B-01320239,9003397
WEST 112 STREET,5 AVENUE,LENOX AVENUE,Manhattan,2,2,10/16/2018,,B-01320239,9009561
WEST 112 STREET,5 AVENUE,LENOX AVENUE,Manhattan,2,2,10/16/2018,,B-01320239,166473
ODELL STREET,STARLING AVENUE,DEAD END,Bronx,1,1,10/16/2018,,B-01328242 / 01328248,9008389
ODELL STREET,STARLING AVENUE,DEAD END,Bronx,1,1,10/16/2018,,B-01328242 / 01328248,86440
ODELL STREET,STARLING AVENUE,DEAD END,Bronx,1,1,10/16/2018,,B-01328242 / 01328248,9008388
TAYLOR AVENUE,MC GRAW AVENUE,WESTCHESTER AVENUE,Bronx,1,0,10/16/2018,,B-01328203,85941
VIREO AVENUE,EAST 240 STREET,EAST 239 STREET,Bronx,1,0,10/15/2018,,B-01328183 / 01328198,89053
VIREO AVENUE,EAST 238 STREET,EAST 237 STREET,Bronx,1,0,10/15/2018,,B-01328183 / 01328198,88942
VIREO AVENUE,EAST 234 STREET,EAST 233 STREET,Bronx,1,0,10/15/2018,,B-01328183 / 01328198,88923
EAST 74 STREET,LEXINGTON AVENUE,PARK AVENUE,Manhattan,1,1,10/12/2018,,B-01306277,165999
EAST 74 STREET,LEXINGTON AVENUE,PARK AVENUE,Manhattan,1,1,10/12/2018,,B-01306277,166000
EAST 74 STREET,3 AVENUE,LEXINGTON AVENUE,Manhattan,1,0,10/12/2018,,B-01306277,37450
DECATUR AVENUE,EAST 207 STREET,EAST 205 STREET,Bronx,1,0,10/12/2018,,B-01325139,80643
TUDOR CITY PLACE,EAST 41 STREET,EAST 43 STREET,Manhattan,1,0,10/11/2018,,B-01318509,36103
TUDOR CITY PLACE,EAST 41 STREET,EAST 43 STREET,Manhattan,1,0,10/11/2018,,B-01318509,36075
SECOR AVENUE,EAST 233 STREET,CITY LIMITS,Bronx,2,0,10/11/2018,,B-01328277 / 01328281,95619
SECOR AVENUE,EAST 233 STREET,CITY LIMITS,Bronx,2,0,10/11/2018,,B-01328277 / 01328281,95616
EAST 90 STREET,YORK AVENUE,1 AVENUE,Manhattan,1,0,10/10/2018,,B-01292753,37884
LA SALLE STREET,BROADWAY,AMSTERDAM AVENUE,Manhattan,2,0,10/10/2018,,B-01318826 / 01318840,9001649
LA SALLE STREET,BROADWAY,AMSTERDAM AVENUE,Manhattan,2,0,10/10/2018,,B-01318826 / 01318840,219962
LA SALLE STREET,BROADWAY,AMSTERDAM AVENUE,Manhattan,2,0,10/10/2018,,B-01318826 / 01318840,219963
LA SALLE STREET,BROADWAY,AMSTERDAM AVENUE,Manhattan,2,0,10/10/2018,,B-01318826 / 01318840,9001651
LA SALLE STREET,BROADWAY,AMSTERDAM AVENUE,Manhattan,2,0,10/10/2018,,B-01318826 / 01318840,9001647
LA SALLE STREET,BROADWAY,AMSTERDAM AVENUE,Manhattan,2,0,10/10/2018,,B-01318826 / 01318840,9001646
LA SALLE STREET,BROADWAY,AMSTERDAM AVENUE,Manhattan,2,0,10/10/2018,,B-01318826 / 01318840,9009607
LA SALLE STREET,BROADWAY,AMSTERDAM AVENUE,Manhattan,2,0,10/10/2018,,B-01318826 / 01318840,166367
LA SALLE STREET,BROADWAY,AMSTERDAM AVENUE,Manhattan,2,0,10/10/2018,,B-01318826 / 01318840,294361
LA SALLE STREET,BROADWAY,AMSTERDAM AVENUE,Manhattan,2,0,10/10/2018,,B-01318826 / 01318840,260823
LA SALLE STREET,BROADWAY,AMSTERDAM AVENUE,Manhattan,2,0,10/10/2018,,B-01318826 / 01318840,294362
MAC DOUGAL STREET,BLEECKER STREET,WEST HOUSTON STREET,Manhattan,1,0,10/9/2018,,B-01318482,164222
MAC DOUGAL STREET,BLEECKER STREET,WEST HOUSTON STREET,Manhattan,1,0,10/9/2018,,B-01318482,164223
EAST 24 STREET,MADISON AVENUE,PARK AVENUE SOUTH,Manhattan,1,0,10/9/2018,,B-01318816,164408
EAST 24 STREET,MADISON AVENUE,PARK AVENUE SOUTH,Manhattan,1,0,10/9/2018,,B-01318816,164407
BLONDELL AVENUE,FINK AVENUE,PONTON AVENUE,Bronx,1,0,10/9/2018,,B-01325900,87202
BLONDELL AVENUE,HALPERIN AVENUE,ST RAYMONDS AVENUE,Bronx,1,0,10/9/2018,,B-01325900,87100
HOLLYWOOD AVENUE,LAFAYETTE AVENUE,PHILIP AVENUE,Bronx,1,0,10/9/2018,,B-01328214 / 01328219,94666
GUNTHER AVENUE,ARNOW AVENUE,BARTOW AVENUE,Bronx,1,0,10/4/2018,,B-01325690 / 01325692,88774
GUNTHER AVENUE,BARNES AVENUE,PITMAN AVENUE,Bronx,1,0,10/4/2018,,B-01325373,89362
GUNTHER AVENUE,BUSSING AVENUE,EDENWALD AVENUE,Bronx,1,0,10/4/2018,,B-01325357 / 01325366,89463
EAST 137 STREET,CYPRESS AVENUE,ST ANNS AVENUE,Bronx,2,0,10/1/2018,,B-01325391,9008555
EAST 137 STREET,CYPRESS AVENUE,ST ANNS AVENUE,Bronx,2,0,10/1/2018,,B-01325391,9001708
EAST 137 STREET,CYPRESS AVENUE,ST ANNS AVENUE,Bronx,2,0,10/1/2018,,B-01325391,9001705
EAST 137 STREET,CYPRESS AVENUE,ST ANNS AVENUE,Bronx,2,0,10/1/2018,,B-01325391,9001701
EAST 137 STREET,CYPRESS AVENUE,ST ANNS AVENUE,Bronx,2,0,10/1/2018,,B-01325391,9001694
EAST 137 STREET,CYPRESS AVENUE,ST ANNS AVENUE,Bronx,2,0,10/1/2018,,B-01325391,9001689
EAST 137 STREET,CYPRESS AVENUE,ST ANNS AVENUE,Bronx,2,0,10/1/2018,,B-01325391,9001688
EAST 137 STREET,CYPRESS AVENUE,ST ANNS AVENUE,Bronx,2,0,10/1/2018,,B-01325391,9008554
EAST 137 STREET,CYPRESS AVENUE,ST ANNS AVENUE,Bronx,2,0,10/1/2018,,B-01325391,9001686
EAST 137 STREET,CYPRESS AVENUE,ST ANNS AVENUE,Bronx,2,0,10/1/2018,,B-01325391,9001690
EAST 137 STREET,CYPRESS AVENUE,ST ANNS AVENUE,Bronx,2,0,10/1/2018,,B-01325391,9001691
EAST 137 STREET,CYPRESS AVENUE,ST ANNS AVENUE,Bronx,2,0,10/1/2018,,B-01325391,9001692
DE REIMER AVENUE,EDENWALD AVENUE,STRANG AVENUE,Bronx,1,0,9/27/2018,,B-01324164,131435
DE REIMER AVENUE,EDENWALD AVENUE,STRANG AVENUE,Bronx,1,0,9/27/2018,,B-01324164,131434
DWIGHT PLACE,AMPERE AVENUE,GRISWOLD AVENUE,Bronx,1,0,9/27/2018,,B-01325149 / 01325151,94612
90 STREET,97 AVENUE,101 AVENUE,Queens,1,0,9/27/2018,9/3/2019,B-01328279,51508
CONTINENTAL AVENUE,EAST 196 STREET,EAST 194 STREET,Bronx,1,0,9/26/2018,,B-01324160,94475
BENEDICT AVENUE,METROPOLITAN AVENUE,PUGSLEY AVENUE,Bronx,2,2,9/26/2018,,B-00012589,177970
BENEDICT AVENUE,METROPOLITAN AVENUE,PUGSLEY AVENUE,Bronx,2,2,9/26/2018,,B-00012589,177971
WETHEROLE STREET,64 ROAD,63 DRIVE,Queens,2,2,9/21/2018,,B-01328239,81816
57 AVENUE,74 STREET,73 PLACE,Queens,1,1,9/20/2018,10/10/2019,B-01328268 / 01328270,74525
68 AVENUE,108 STREET,YELLOWSTONE BOULEVARD,Queens,1,0,9/17/2018,,B-01328233,131126
68 AVENUE,108 STREET,YELLOWSTONE BOULEVARD,Queens,1,0,9/17/2018,,B-01328233,131125
84 AVENUE,112 STREET,110 STREET,Queens,1,0,9/17/2018,,B-01328199 / 01328202,53209
84 AVENUE,112 STREET,110 STREET,Queens,1,0,9/17/2018,,B-01328199 / 01328202,53210
79 STREET,69 ROAD,69 DRIVE,Queens,1,0,9/14/2018,,B-01326937,49620
67 PLACE,MYRTLE AVENUE,COOPER AVENUE,Queens,1,0,9/14/2018,,B-01328277,49308
GERVIL STREET,CORRELL AVENUE,LOCUST COURT,Staten Island,1,0,9/14/2018,,B-01301905 / 01302186,126526
GERVIL STREET,CORRELL AVENUE,LOCUST COURT,Staten Island,1,0,9/14/2018,,B-01301905 / 01302186,126525
215 PLACE,46 AVENUE,NORTHERN BOULEVARD,Queens,1,0,9/13/2018,,B-01325104 / 01325114,131998
215 PLACE,46 AVENUE,NORTHERN BOULEVARD,Queens,1,0,9/13/2018,,B-01325104 / 01325114,131996
215 PLACE,46 AVENUE,NORTHERN BOULEVARD,Queens,1,0,9/13/2018,,B-01325104 / 01325114,131997
NELSON AVENUE,DOCKSIDE LANE,TENNYSON DRIVE,Staten Island,1,0,9/13/2018,,B-01302006 / 01302009,255643
REEVES AVENUE,148 PLACE,149 STREET,Queens,1,1,9/12/2018,,B-01325791 / 01325804,90212
REEVES AVENUE,150 STREET,153 STREET,Queens,1,1,9/12/2018,,B-01325791 / 01325804,90342
43 STREET,19 AVENUE,20 AVENUE,Queens,1,0,9/11/2018,,B-01325057 / 01325062,76990
43 STREET,20 AVENUE,20 ROAD,Queens,1,0,9/11/2018,,B-01325057 / 01325062,76976
UNDERHILL AVENUE,187 STREET,186 STREET,Queens,1,0,9/7/2018,,B-01327080 / 01327086,97252
43 STREET,8 AVENUE,7 AVENUE,Brooklyn,1,1,9/7/2018,,B-01299039,20973
PRESIDENT STREET,BEDFORD AVENUE,FRANKLIN AVENUE,Brooklyn,2,0,9/5/2018,,B-01324539,29411
230 STREET,MERRICK BOULEVARD,135 AVENUE,Queens,1,0,9/4/2018,,B-01325051,171723
230 STREET,MERRICK BOULEVARD,135 AVENUE,Queens,1,0,9/4/2018,,B-01325051,171725
230 STREET,MERRICK BOULEVARD,135 AVENUE,Queens,1,0,9/4/2018,,B-01325051,171724
230 STREET,137 AVENUE,138 AVENUE,Queens,1,1,9/4/2018,,B-01325051,171624
230 STREET,137 AVENUE,138 AVENUE,Queens,1,1,9/4/2018,,B-01325051,171623
18 STREET,25 ROAD,26 AVENUE,Queens,1,0,8/30/2018,,B-01325070,68636
18 STREET,26 AVENUE,26 ROAD,Queens,1,0,8/30/2018,,B-01325070,68635
18 STREET,26 AVENUE,26 ROAD,Queens,1,0,8/30/2018,,B-01325070,68633
46 STREET,BROADWAY,34 AVENUE,Queens,1,0,8/28/2018,9/12/2019,B-01265791,68084
COURTLANDT AVENUE,EAST 161 STREET,EAST 162 STREET,Bronx,1,0,8/22/2018,,B-01322397,70266
COURTLANDT AVENUE,EAST 162 STREET,EAST 163 STREET,Bronx,1,0,8/22/2018,,B-01322397,70269
90 STREET,PARK LANE SOUTH,85 ROAD,Queens,1,0,8/21/2018,,B-01315824,52686
90 STREET,85 ROAD,86 ROAD,Queens,1,0,8/21/2018,,B-01315824,52672
98 STREET,163 AVENUE,164 AVENUE,Queens,2,0,8/17/2018,,B-01315828,54328
162 STREET,9 AVENUE,10 AVENUE,Queens,1,0,8/16/2018,,B-01314473 / 01314475,93397
DAWSON STREET,EAST 156 STREET,PROSPECT AVENUE,Bronx,1,1,8/16/2018,,B-01322449,77315
DAWSON STREET,EAST 156 STREET,PROSPECT AVENUE,Bronx,1,1,8/16/2018,,B-01322449,108800
DAWSON STREET,EAST 156 STREET,PROSPECT AVENUE,Bronx,1,1,8/16/2018,,B-01322449,108801
FAIRMOUNT PLACE,SOUTHERN BOULEVARD,MARMION AVENUE,Bronx,1,0,8/16/2018,,B-01322466,78984
204 STREET,45 ROAD,45 DRIVE,Queens,1,0,8/15/2018,,B-01313572 / 01313577,97789
265 STREET,77 AVENUE,76 AVENUE,Queens,1,0,8/15/2018,,B-01313132 / 01313151,103320
29 STREET,34 AVENUE,33 AVENUE,Queens,1,0,8/14/2018,,B-01313257,67664
30 STREET,BROADWAY,34 AVENUE,Queens,2,0,8/14/2018,,B-01310183 / 01310616,67677
111 ROAD,194 STREET,FARMERS BOULEVARD,Queens,2,0,8/10/2018,,B-01313032 / 01313043,61419
WEST 111 STREET,5 AVENUE,LENOX AVENUE,Manhattan,2,2,8/10/2018,,B-01320240,166140
WEST 111 STREET,5 AVENUE,LENOX AVENUE,Manhattan,2,2,8/10/2018,,B-01320240,166139
216 STREET,93 AVENUE,94 ROAD,Queens,1,0,8/9/2018,,B-0131083,100594
108 AVENUE,227 STREET,225 STREET,Queens,1,0,8/9/2018,,B-01313348 / 01313352,65520
WATER STREET,GOUVERNEUR SLIP EAST,JACKSON STREET,Manhattan,1,0,8/9/2018,,B-01318169,215267
WATER STREET,GOUVERNEUR SLIP EAST,JACKSON STREET,Manhattan,1,0,8/9/2018,,B-01318169,215268
WATER STREET,GOUVERNEUR SLIP EAST,JACKSON STREET,Manhattan,1,0,8/9/2018,,B-01318169,9005949
WATER STREET,GOUVERNEUR SLIP EAST,JACKSON STREET,Manhattan,1,0,8/9/2018,,B-01318169,9005940
WATER STREET,GOUVERNEUR SLIP EAST,JACKSON STREET,Manhattan,1,0,8/9/2018,,B-01318169,9005941
WATER STREET,GOUVERNEUR SLIP EAST,JACKSON STREET,Manhattan,1,0,8/9/2018,,B-01318169,9005942
WATER STREET,GOUVERNEUR SLIP EAST,JACKSON STREET,Manhattan,1,0,8/9/2018,,B-01318169,9005943
WATER STREET,GOUVERNEUR SLIP EAST,JACKSON STREET,Manhattan,1,0,8/9/2018,,B-01318169,9005944
WATER STREET,GOUVERNEUR SLIP EAST,JACKSON STREET,Manhattan,1,0,8/9/2018,,B-01318169,9005945
WATER STREET,GOUVERNEUR SLIP EAST,JACKSON STREET,Manhattan,1,0,8/9/2018,,B-01318169,9005946
WATER STREET,GOUVERNEUR SLIP EAST,JACKSON STREET,Manhattan,1,0,8/9/2018,,B-01318169,9005947
WATER STREET,GOUVERNEUR SLIP EAST,JACKSON STREET,Manhattan,1,0,8/9/2018,,B-01318169,9005939
WATER STREET,GOUVERNEUR SLIP EAST,JACKSON STREET,Manhattan,1,0,8/9/2018,,B-01318169,9009661
WATER STREET,GOUVERNEUR SLIP EAST,JACKSON STREET,Manhattan,1,0,8/9/2018,,B-01318169,9009660
WATER STREET,GOUVERNEUR SLIP EAST,JACKSON STREET,Manhattan,1,0,8/9/2018,,B-01318169,9005958
WATER STREET,GOUVERNEUR SLIP EAST,JACKSON STREET,Manhattan,1,0,8/9/2018,,B-01318169,9005937
WATER STREET,GOUVERNEUR SLIP EAST,JACKSON STREET,Manhattan,1,0,8/9/2018,,B-01318169,9005953
WATER STREET,GOUVERNEUR SLIP EAST,JACKSON STREET,Manhattan,1,0,8/9/2018,,B-01318169,9005952
WATER STREET,GOUVERNEUR SLIP EAST,JACKSON STREET,Manhattan,1,0,8/9/2018,,B-01318169,9005951
WATER STREET,GOUVERNEUR SLIP EAST,JACKSON STREET,Manhattan,1,0,8/9/2018,,B-01318169,9005950
WATER STREET,GOUVERNEUR SLIP EAST,JACKSON STREET,Manhattan,1,0,8/9/2018,,B-01318169,9005956
WATER STREET,GOUVERNEUR SLIP EAST,JACKSON STREET,Manhattan,1,0,8/9/2018,,B-01318169,9005955
WATER STREET,GOUVERNEUR SLIP EAST,JACKSON STREET,Manhattan,1,0,8/9/2018,,B-01318169,9005954
WEST 20 STREET,9 AVENUE,10 AVENUE,Manhattan,2,0,8/9/2018,,B-01317739,33454
BARNETT AVENUE,43 STREET,48 STREET,Queens,1,0,8/8/2018,10/1/2019,B-01307701 / 01307705,67855
BARNETT AVENUE,43 STREET,48 STREET,Queens,1,0,8/8/2018,10/1/2019,B-01307701 / 01307705,67847
BARNETT AVENUE,43 STREET,48 STREET,Queens,1,0,8/8/2018,10/1/2019,B-01307701 / 01307705,172644
BARNETT AVENUE,43 STREET,48 STREET,Queens,1,0,8/8/2018,10/1/2019,B-01307701 / 01307705,172645
191 STREET,STATION ROAD,42 AVENUE,Queens,1,0,8/8/2018,,B-01314484 / 01314489,97318
56 STREET,NORTHERN BOULEVARD,32 AVENUE,Queens,1,0,8/8/2018,,B-01313365,130410
56 STREET,NORTHERN BOULEVARD,32 AVENUE,Queens,1,0,8/8/2018,,B-01313365,130409
56 STREET,NORTHERN BOULEVARD,32 AVENUE,Queens,1,0,8/8/2018,,B-01313365,75429
GRENFELL STREET,82 AVENUE,AUDLEY STREET,Queens,1,0,8/7/2018,,B-01314707 / 01314712,55954
GRENFELL STREET,80 ROAD,UNION TURNPIKE,Queens,1,0,8/7/2018,,B-01314707 / 01314712,129137
GRENFELL STREET,80 ROAD,UNION TURNPIKE,Queens,1,0,8/7/2018,,B-01314707 / 01314712,129138
130 STREET,HILLSIDE AVENUE,KEW GARDENS ROAD,Queens,1,0,8/6/2018,,B-01314528,118907
130 STREET,HILLSIDE AVENUE,KEW GARDENS ROAD,Queens,1,0,8/6/2018,,B-01314528,118082
WEST 143 STREET,HAMILTON PLACE,BROADWAY,Manhattan,2,0,8/2/2018,,B-01320237,302440
WEST 143 STREET,HAMILTON PLACE,BROADWAY,Manhattan,2,0,8/2/2018,,B-01320237,166513
WEST 143 STREET,HAMILTON PLACE,BROADWAY,Manhattan,2,0,8/2/2018,,B-01320237,302442
WEST 143 STREET,HAMILTON PLACE,BROADWAY,Manhattan,2,0,8/2/2018,,B-01320237,302443
54 PLACE,NURGE AVENUE,ARNOLD AVENUE,Queens,1,0,8/2/2018,,B-01310061,45337
243 STREET,CROSS ISLAND PARKWAY,82 AVENUE,Queens,1,0,8/1/2018,,B-01313645 / 01313653,182275
243 STREET,CROSS ISLAND PARKWAY,82 AVENUE,Queens,1,0,8/1/2018,,B-01313645 / 01313653,182274
243 STREET,CROSS ISLAND PARKWAY,82 AVENUE,Queens,1,0,8/1/2018,,B-01313645 / 01313653,117634
243 STREET,CROSS ISLAND PARKWAY,82 AVENUE,Queens,1,0,8/1/2018,,B-01313645 / 01313653,102534
243 STREET,CROSS ISLAND PARKWAY,82 AVENUE,Queens,1,0,8/1/2018,,B-01313645 / 01313653,102522
EAST 33 STREET,AVENUE S,AVENUE T,Brooklyn,2,0,8/1/2018,,B-01318850,127982
EAST 33 STREET,AVENUE S,AVENUE T,Brooklyn,2,0,8/1/2018,,B-01318850,127981
BEACH 119 STREET,NEWPORT AVENUE,ROCKAWAY BEACH BOULEVARD,Queens,1,0,8/1/2018,,B-01309921,50084
BAY 25 STREET,BAYSWATER AVENUE,HEALY AVENUE,Queens,1,0,8/1/2018,,B-01309963,112947
BAY 25 STREET,BAYSWATER AVENUE,HEALY AVENUE,Queens,1,0,8/1/2018,,B-01309963,112948
BEACH 39 STREET,BEACH CHANNEL DRIVE,ROCKAWAY BEACH BOULEVARD,Queens,1,0,7/31/2018,,B-01309951,57934
FAR ROCKAWAY BOULEVARD,BAY 25 STREET,HARTMAN LANE,Queens,1,0,7/31/2018,,B-01310040 / 01310120,247195
FAR ROCKAWAY BOULEVARD,BAY 32 STREET,BEACH CHANNEL DRIVE,Queens,1,0,7/31/2018,,B-01310040 / 01310120,119007
FAR ROCKAWAY BOULEVARD,BAY 32 STREET,BEACH CHANNEL DRIVE,Queens,1,0,7/31/2018,,B-01310040 / 01310120,58078
77 STREET,88 AVENUE,90 AVENUE,Queens,1,0,7/30/2018,,B-01310238,52310
92 STREET,LIBERTY AVENUE,107 AVENUE,Queens,1,1,7/30/2018,,B-01310231,51633
75 AVENUE,220 STREET,SPRINGFIELD BOULEVARD,Queens,1,0,7/27/2018,,B-01313269 / 01313279,100218
108 STREET,101 AVENUE,103 AVENUE,Queens,1,0,7/26/2018,,B-01309940,216413
108 STREET,101 AVENUE,103 AVENUE,Queens,1,0,7/26/2018,,B-01309940,216412
147 STREET,116 AVENUE,FOCH BOULEVARD,Queens,2,0,7/26/2018,,B-01310614,58843
143 STREET,90 AVENUE,91 AVENUE,Queens,1,0,7/25/2018,,B-01310448,56874
211 STREET,HOLLIS AVENUE,104 AVENUE,Queens,1,0,7/24/2018,,B-01313169 / 01313178,171963
211 STREET,HOLLIS AVENUE,104 AVENUE,Queens,1,0,7/24/2018,,B-01313169 / 01313178,171967
211 STREET,HOLLIS AVENUE,104 AVENUE,Queens,1,0,7/24/2018,,B-01313169 / 01313178,171966
211 STREET,HOLLIS AVENUE,104 AVENUE,Queens,1,0,7/24/2018,,B-01313169 / 01313178,171965
211 STREET,HOLLIS AVENUE,104 AVENUE,Queens,1,0,7/24/2018,,B-01313169 / 01313178,171964
211 STREET,HOLLIS AVENUE,104 AVENUE,Queens,1,0,7/24/2018,,B-01313169 / 01313178,171968
211 STREET,104 AVENUE,109 AVENUE,Queens,1,0,7/24/2018,,B-01313169 / 01313178,171963
211 STREET,104 AVENUE,109 AVENUE,Queens,1,0,7/24/2018,,B-01313169 / 01313178,171965
211 STREET,104 AVENUE,109 AVENUE,Queens,1,0,7/24/2018,,B-01313169 / 01313178,171964
211 STREET,109 AVENUE,HOLLIS AVENUE,Queens,1,0,7/24/2018,,B-01313169 / 01313178,171968
211 STREET,109 AVENUE,HOLLIS AVENUE,Queens,1,0,7/24/2018,,B-01313169 / 01313178,171967
211 STREET,109 AVENUE,HOLLIS AVENUE,Queens,1,0,7/24/2018,,B-01313169 / 01313178,171966
HENDERSON AVENUE,BARD AVENUE,KISSEL AVENUE,Staten Island,1,0,7/20/2018,,B-01305069 / 01305074,13787
HENDERSON AVENUE,BRENTWOOD AVENUE,LOIS PLACE,Staten Island,1,0,7/19/2018,,B-01305069 / 01305074,13794
HENDERSON AVENUE,KISSEL AVENUE,WESTBURY AVENUE,Staten Island,1,0,7/19/2018,,B-01305069 / 01305074,13790
192 STREET,34 AVENUE,35 AVENUE,Queens,1,1,7/18/2018,,B-01314496 / 01314500,122322
36 AVENUE,BELL BOULEVARD,CORPORAL KENNEDY STREET,Queens,1,1,7/18/2018,,B-01313293 / 01313300,98054
36 AVENUE,BELL BOULEVARD,CORPORAL KENNEDY STREET,Queens,1,1,7/18/2018,,B-01313293 / 01313300,98062
36 AVENUE,BELL BOULEVARD,CORPORAL KENNEDY STREET,Queens,1,1,7/18/2018,,B-01313293 / 01313300,97872
36 AVENUE,BELL BOULEVARD,CORPORAL KENNEDY STREET,Queens,1,1,7/18/2018,,B-01313293 / 01313300,98058
36 AVENUE,BELL BOULEVARD,CORPORAL KENNEDY STREET,Queens,1,1,7/18/2018,,B-01313293 / 01313300,98081
36 AVENUE,218 STREET,219 STREET,Queens,1,0,7/18/2018,,B-01313293 / 01313300,98577
67 DRIVE,BOOTH STREET,AUSTIN STREET,Queens,2,0,7/17/2018,8/29/2019,B-01310188 / 01310192,82100
HENDERSON AVENUE,DEVON PLACE,CALDERA PLACE,Staten Island,1,0,7/16/2018,,B-01305069 / 01305074,13819
VAN DUZER STREET,ST PAULS AVENUE,SHELTERVIEW DRIVE,Staten Island,1,0,7/13/2018,9/12/2019,B-01300755 / 01300762,15194
VAN DUZER STREET,ST PAULS AVENUE,SHELTERVIEW DRIVE,Staten Island,1,0,7/13/2018,9/12/2019,B-01300755 / 01300762,15542
VAN DUZER STREET,ST PAULS AVENUE,SHELTERVIEW DRIVE,Staten Island,1,0,7/13/2018,9/12/2019,B-01300755 / 01300762,114959
VAN DUZER STREET,ST PAULS AVENUE,SHELTERVIEW DRIVE,Staten Island,1,0,7/13/2018,9/12/2019,B-01300755 / 01300762,16346
VAN DUZER STREET,ST PAULS AVENUE,SHELTERVIEW DRIVE,Staten Island,1,0,7/13/2018,9/12/2019,B-01300755 / 01300762,114956
VAN DUZER STREET,ST PAULS AVENUE,SHELTERVIEW DRIVE,Staten Island,1,0,7/13/2018,9/12/2019,B-01300755 / 01300762,114954
VAN DUZER STREET,ST PAULS AVENUE,SHELTERVIEW DRIVE,Staten Island,1,0,7/13/2018,9/12/2019,B-01300755 / 01300762,15543
VAN DUZER STREET,ST PAULS AVENUE,SHELTERVIEW DRIVE,Staten Island,1,0,7/13/2018,9/12/2019,B-01300755 / 01300762,15569
VAN DUZER STREET,ST PAULS AVENUE,SHELTERVIEW DRIVE,Staten Island,1,0,7/13/2018,9/12/2019,B-01300755 / 01300762,15544
VAN DUZER STREET,ST PAULS AVENUE,SHELTERVIEW DRIVE,Staten Island,1,0,7/13/2018,9/12/2019,B-01300755 / 01300762,16405
VAN DUZER STREET,ST PAULS AVENUE,SHELTERVIEW DRIVE,Staten Island,1,0,7/13/2018,9/12/2019,B-01300755 / 01300762,15546
VAN DUZER STREET,ST PAULS AVENUE,SHELTERVIEW DRIVE,Staten Island,1,0,7/13/2018,9/12/2019,B-01300755 / 01300762,16357
VAN DUZER STREET,ST PAULS AVENUE,SHELTERVIEW DRIVE,Staten Island,1,0,7/13/2018,9/12/2019,B-01300755 / 01300762,114960
VAN DUZER STREET,ST PAULS AVENUE,SHELTERVIEW DRIVE,Staten Island,1,0,7/13/2018,9/12/2019,B-01300755 / 01300762,16402
VAN DUZER STREET,ST PAULS AVENUE,SHELTERVIEW DRIVE,Staten Island,1,0,7/13/2018,9/12/2019,B-01300755 / 01300762,15345
VAN DUZER STREET,ST PAULS AVENUE,SHELTERVIEW DRIVE,Staten Island,1,0,7/13/2018,9/12/2019,B-01300755 / 01300762,15567
VAN DUZER STREET,ST PAULS AVENUE,SHELTERVIEW DRIVE,Staten Island,1,0,7/13/2018,9/12/2019,B-01300755 / 01300762,16408
VAN DUZER STREET,ST PAULS AVENUE,SHELTERVIEW DRIVE,Staten Island,1,0,7/13/2018,9/12/2019,B-01300755 / 01300762,15563
VAN DUZER STREET,CLINTON STREET,GRANT STREET,Staten Island,1,0,7/12/2018,9/11/2019,B-01299023,16402
LAKEWOOD AVENUE,139 STREET,141 STREET,Queens,1,0,7/12/2018,,B-01307589 / 01307594,55646
VAN DUZER STREET,SANDS STREET,WILLIAM STREET,Staten Island,1,0,7/11/2018,9/10/2019,B-01299023,15546
VAN DUZER STREET,SANDS STREET,WILLIAM STREET,Staten Island,1,0,7/11/2018,9/10/2019,B-01299023,15563
VAN DUZER STREET,BEACH STREET,PROSPECT STREET,Staten Island,1,0,7/10/2018,9/9/2019,B-01299023,15543
23 AVENUE,149 STREET,150 STREET,Queens,1,0,7/6/2018,,B-01310155 / 01310157,92635
91 AVENUE,79 STREET,80 STREET,Queens,1,0,7/5/2018,,B-01310265,51063
92 AVENUE,105 STREET,107 STREET,Queens,1,0,7/5/2018,,B-01310198 / 01310205,53164
117 STREET,97 AVENUE,101 AVENUE,Queens,1,0,7/3/2018,,B-01310280,55989
PARK LN SOUTH,91 STREET,WOODHAVEN BOULEVARD,Queens,1,0,7/2/2018,,B-01307722 / 01307731,169354
PARK LN SOUTH,91 STREET,WOODHAVEN BOULEVARD,Queens,1,0,7/2/2018,,B-01307722 / 01307731,169353
STERLING PLACE,VANDERBILT AVENUE,FLATBUSH AVENUE,Brooklyn,1,1,7/2/2018,,B-01300756,29136
PARK LN SOUTH,88 STREET,89 STREET,Queens,1,0,6/29/2018,,B-01307722 / 01307731,52548
PARK LN SOUTH,89 STREET,90 STREET,Queens,1,0,6/29/2018,,B-01307722 / 01307731,52685
PARK LN SOUTH,FOREST PARK DRIVE,85 STREET,Queens,1,0,6/28/2018,,B-01307722 / 01307731,52427
PARK LN SOUTH,86 STREET,87 STREET,Queens,1,0,6/28/2018,,B-01307722 / 01307731,52541
47 STREET,30 AVENUE,30 ROAD,Queens,1,0,6/27/2018,,B-01310175,68251
30 ROAD,12 STREET,VERNON BOULEVARD,Queens,1,0,6/27/2018,,B-01308914,68473
47 STREET,30 ROAD,31 AVENUE,Queens,1,0,6/26/2018,,B-01310175,68248
45 STREET,28 AVENUE,25 AVENUE,Queens,2,0,6/25/2018,,B-01310215,129748
45 STREET,28 AVENUE,25 AVENUE,Queens,2,0,6/25/2018,,B-01310215,129747
37 STREET,23 AVENUE,24 AVENUE,Queens,2,0,6/22/2018,,B-01310184,68999
37 STREET,23 AVENUE,24 AVENUE,Queens,2,0,6/22/2018,,B-01310184,68995
162 STREET,65 AVENUE,161 STREET,Queens,1,0,6/21/2018,,B-389086 / 389087,179066
162 STREET,65 AVENUE,161 STREET,Queens,1,0,6/21/2018,,B-389086 / 389087,179067
162 STREET,65 AVENUE,161 STREET,Queens,1,0,6/21/2018,,B-389086 / 389087,267210
29 STREET,24 AVENUE,DOROTHY PLACE,Queens,1,0,6/20/2018,,B-01310136,68847
29 STREET,DOROTHY PLACE,HOYT AVENUE N,Queens,1,0,6/20/2018,,B-01310136,68842
HOYT STREET,UNION STREET,PRESIDENT STREET,Brooklyn,1,1,6/19/2018,,B-01270449,22533
CRESCENT STREET,24 AVENUE,HOYT AVENUE N,Queens,2,0,6/19/2018,,B-01307307,129787
CRESCENT STREET,24 AVENUE,HOYT AVENUE N,Queens,2,0,6/19/2018,,B-01307307,129788
CRESCENT STREET,24 AVENUE,HOYT AVENUE N,Queens,2,0,6/19/2018,,B-01307307,129789
125 STREET,109 AVENUE,111 AVENUE,Queens,1,0,6/19/2018,,B-01310467,55189
130 STREET,107 AVENUE,109 AVENUE,Queens,1,0,6/18/2018,,B-01310434,55214
130 STREET,107 AVENUE,109 AVENUE,Queens,1,0,6/18/2018,,B-01310434,55216
CORRELL AVENUE,WINANT AVENUE,BLOOMINGDALE ROAD,Staten Island,1,0,6/15/2018,,B-01301930 / 01301948,1501
CORRELL AVENUE,WINANT AVENUE,BLOOMINGDALE ROAD,Staten Island,1,0,6/15/2018,,B-01301930 / 01301948,1582
95 STREET,JAMAICA AVENUE,89 AVENUE,Queens,2,0,6/15/2018,,B-01310194,52813
CORRELL AVENUE,MAGUIRE AVENUE,BOMBAY STREET,Staten Island,1,0,6/14/2018,,B-01301930 / 01301948,1692
CORRELL AVENUE,BOMBAY STREET,NORTH EDO COURT,Staten Island,1,0,6/14/2018,,B-01301930 / 01301948,1592
AVENUE H,EAST 12 STREET,ARGYLE ROAD,Brooklyn,1,0,6/14/2018,,B-01305013 / 01305023,26922
GREENE AVENUE,FRANKLIN AVENUE,BEDFORD AVENUE,Brooklyn,1,0,6/14/2018,,B-01302485,29585
43 STREET,BROADWAY,31 AVENUE,Queens,2,0,6/13/2018,9/12/2019,B-01308901,67996
48 STREET,28 AVENUE,30 AVENUE,Queens,1,0,6/13/2018,,B-01310181,129743
48 STREET,28 AVENUE,30 AVENUE,Queens,1,0,6/13/2018,,B-01310181,129746
48 STREET,28 AVENUE,30 AVENUE,Queens,1,0,6/13/2018,,B-01310181,129744
48 STREET,28 AVENUE,30 AVENUE,Queens,1,0,6/13/2018,,B-01310181,129745
35 STREET,34 AVENUE,BROADWAY,Queens,2,0,6/12/2018,,B-01308970,67772
97 STREET,103 AVENUE,LIBERTY AVENUE,Queens,1,0,6/11/2018,,B-01308233,51807
92 STREET,156 AVENUE,157 AVENUE,Queens,1,0,6/11/2018,,B-01308225,51851
JUNO STREET,68 AVENUE,69 AVENUE,Queens,1,0,6/8/2018,,B-01307645,130977
JUNO STREET,68 AVENUE,69 AVENUE,Queens,1,0,6/8/2018,,B-01307645,130979
JUNO STREET,68 AVENUE,69 AVENUE,Queens,1,0,6/8/2018,,B-01307645,130978
JUNO STREET,68 AVENUE,69 AVENUE,Queens,1,0,6/8/2018,,B-01307645,130982
JUNO STREET,68 AVENUE,69 AVENUE,Queens,1,0,6/8/2018,,B-01307645,130980
JUNO STREET,68 AVENUE,69 AVENUE,Queens,1,0,6/8/2018,,B-01307645,130981
69 PLACE,CENTRAL AVENUE,70 AVENUE,Queens,1,0,6/8/2018,,B-01307580,49347
CROWN STREET,ROGERS AVENUE,BEDFORD AVENUE,Brooklyn,2,0,6/8/2018,8/12/2019,B-01302507,127511
CROWN STREET,ROGERS AVENUE,BEDFORD AVENUE,Brooklyn,2,0,6/8/2018,8/12/2019,B-01302507,127513
CROWN STREET,ROGERS AVENUE,BEDFORD AVENUE,Brooklyn,2,0,6/8/2018,8/12/2019,B-01302507,127512
58 PLACE,57 ROAD,57 DRIVE,Queens,1,0,6/6/2018,,B-01292375,66941
58 PLACE,57 DRIVE,58 AVENUE,Queens,1,0,6/6/2018,,B-01292375,66940
AUDLEY STREET,116 STREET,ABINGDON ROAD,Queens,2,0,6/4/2018,,B-01307653,115747
AUDLEY STREET,116 STREET,ABINGDON ROAD,Queens,2,0,6/4/2018,,B-01307653,115746
AUDLEY STREET,116 STREET,ABINGDON ROAD,Queens,2,0,6/4/2018,,B-01307653,115748
79 STREET,77 AVENUE,78 AVENUE,Queens,1,0,6/4/2018,,B-01307657,49602
PARK PLACE,BUFFALO AVENUE,RALPH AVENUE,Brooklyn,2,2,6/1/2018,,B-01302465,9001712
PARK PLACE,BUFFALO AVENUE,RALPH AVENUE,Brooklyn,2,2,6/1/2018,,B-01302465,9001721
PARK PLACE,BUFFALO AVENUE,RALPH AVENUE,Brooklyn,2,2,6/1/2018,,B-01302465,9001722
PARK PLACE,BUFFALO AVENUE,RALPH AVENUE,Brooklyn,2,2,6/1/2018,,B-01302465,9001716
PARK PLACE,BUFFALO AVENUE,RALPH AVENUE,Brooklyn,2,2,6/1/2018,,B-01302465,9001719
PARK PLACE,BUFFALO AVENUE,RALPH AVENUE,Brooklyn,2,2,6/1/2018,,B-01302465,9001704
PARK PLACE,BUFFALO AVENUE,RALPH AVENUE,Brooklyn,2,2,6/1/2018,,B-01302465,9001747
PARK PLACE,BUFFALO AVENUE,RALPH AVENUE,Brooklyn,2,2,6/1/2018,,B-01302465,9001695
PARK PLACE,BUFFALO AVENUE,RALPH AVENUE,Brooklyn,2,2,6/1/2018,,B-01302465,9001697
84 STREET,30 AVENUE,31 AVENUE,Queens,1,0,6/1/2018,,B-01307333,130573
84 STREET,30 AVENUE,31 AVENUE,Queens,1,0,6/1/2018,,B-01307333,130572
84 STREET,30 AVENUE,31 AVENUE,Queens,1,0,6/1/2018,,B-01307333,130571
88 STREET,35 AVENUE,37 AVENUE,Queens,1,0,5/31/2018,,B-01307515,130609
88 STREET,35 AVENUE,37 AVENUE,Queens,1,0,5/31/2018,,B-01307515,130608
88 STREET,35 AVENUE,37 AVENUE,Queens,1,0,5/31/2018,,B-01307515,130610
98 STREET,31 AVENUE,32 AVENUE,Queens,1,0,5/31/2018,,B-01307683,76810
98 STREET,NORTHERN BOULEVARD,34 AVENUE,Queens,1,0,5/31/2018,,B-01307677,177404
98 STREET,NORTHERN BOULEVARD,34 AVENUE,Queens,1,0,5/31/2018,,B-01307677,177405
FOUNTAIN AVENUE,LIBERTY AVENUE,GLENMORE AVENUE,Brooklyn,1,0,5/31/2018,,B-01303265,48292
HIGHLAND PLACE,ETNA STREET,RIDGEWOOD AVENUE,Brooklyn,1,1,5/31/2018,,B-01305030,48056
BAY 44 STREET,SHORE PARKWAY,HUNTER AVENUE,Brooklyn,3,3,5/30/2018,,B-01302574 / 01302585,18834
81 STREET,101 AVENUE,97 AVENUE,Queens,1,0,5/30/2018,,B-01307517,128879
81 STREET,101 AVENUE,97 AVENUE,Queens,1,0,5/30/2018,,B-01307517,128878
81 STREET,101 AVENUE,97 AVENUE,Queens,1,0,5/30/2018,,B-01307517,128877
81 STREET,101 AVENUE,97 AVENUE,Queens,1,0,5/30/2018,,B-01307517,128880
91 AVENUE,95 STREET,96 STREET,Queens,1,0,5/30/2018,,B-01307549 / 01307553,52897
91 AVENUE,95 STREET,96 STREET,Queens,1,0,5/30/2018,,B-01307549 / 01307553,128991
91 AVENUE,95 STREET,96 STREET,Queens,1,0,5/30/2018,,B-01307549 / 01307553,128992
93 AVENUE,209 STREET,210 STREET,Queens,1,0,5/29/2018,,B-01307510,100110
93 AVENUE,210 STREET,210 PLACE,Queens,1,0,5/29/2018,,B-01307510,100117
OVINGTON AVENUE,5 AVENUE,4 AVENUE,Brooklyn,1,1,5/29/2018,,B-01303138,17634
68 STREET,3 AVENUE,RIDGE BOULEVARD,Brooklyn,1,0,5/29/2018,2/15/2019,B-01303129,126969
68 STREET,3 AVENUE,RIDGE BOULEVARD,Brooklyn,1,0,5/29/2018,2/15/2019,B-01303129,126968
68 STREET,3 AVENUE,RIDGE BOULEVARD,Brooklyn,1,0,5/29/2018,2/15/2019,B-01303129,126967
68 STREET,3 AVENUE,RIDGE BOULEVARD,Brooklyn,1,0,5/29/2018,2/15/2019,B-01303129,126966
84 STREET,17 AVENUE,16 AVENUE,Brooklyn,1,0,5/23/2018,,B-01306208 / 01306211,19602
WHITEHALL TERRACE,212 STREET,214 STREET,Queens,2,0,5/23/2018,,B-01307288 / 01307296,100156
WHITEHALL TERRACE,214 STREET,215 PLACE,Queens,1,0,5/23/2018,,B-01307288 / 01307296,100178
EAST 29 STREET,AVENUE Z,VOORHIES AVENUE,Brooklyn,1,1,5/22/2018,,B-01302573,39702
EAST 33 STREET,AVENUE P,QUENTIN ROAD,Brooklyn,1,1,5/22/2018,,B-01302020,40607
EAST 95 STREET,1 AVENUE,2 AVENUE,Manhattan,1,1,5/21/2018,,B-01306480,37896
CAMPUS ROAD,AMERSFORT PLACE,EAST 27 STREET,Brooklyn,1,1,5/21/2018,9/4/2018,B-01303289,27449
CAMPUS ROAD,EAST 27 STREET,EAST 26 STREET,Brooklyn,1,1,5/21/2018,9/4/2018,B-01303289,27447
CAMPUS ROAD,BEDFORD AVENUE,EAST 23 STREET,Brooklyn,1,1,5/21/2018,9/4/2018,B-01303289,27341
CAMPUS ROAD,BEDFORD AVENUE,EAST 23 STREET,Brooklyn,1,1,5/21/2018,9/4/2018,B-01303289,27340
82 STREET,16 AVENUE,15 AVENUE,Brooklyn,2,2,5/18/2018,,B-01304020,19610
WEST 88 STREET,COLUMBUS AVENUE,CENTRAL PARK WEST,Manhattan,2,2,5/15/2018,,B-01305281,37399
EAST 104 STREET,5 AVENUE,MADISON AVENUE,Manhattan,1,1,5/15/2018,,B-01306243,37832
BALTIC STREET,3 AVENUE,4 AVENUE,Brooklyn,1,1,5/14/2018,,B-01301937,270226
BALTIC STREET,3 AVENUE,4 AVENUE,Brooklyn,1,1,5/14/2018,,B-01301937,9001481
BALTIC STREET,3 AVENUE,4 AVENUE,Brooklyn,1,1,5/14/2018,,B-01301937,162255
BALTIC STREET,3 AVENUE,4 AVENUE,Brooklyn,1,1,5/14/2018,,B-01301937,9001480
BALTIC STREET,3 AVENUE,4 AVENUE,Brooklyn,1,1,5/14/2018,,B-01301937,270227
BERGEN STREET,SMITH STREET,BOERUM PLACE,Brooklyn,1,1,5/14/2018,,B-01301493,22554
BERGEN STREET,BOERUM PLACE,COURT STREET,Brooklyn,1,1,5/14/2018,,B-01301493,22553
89 STREET,4 AVENUE,3 AVENUE,Brooklyn,1,1,5/10/2018,,B-01302548,16927
73 STREET,3 AVENUE,RIDGE BOULEVARD,Brooklyn,2,0,5/10/2018,,B-01302548,17486
87 STREET,3 AVENUE,RIDGE BOULEVARD,Brooklyn,2,2,5/9/2018,,B-01302208,126767
87 STREET,3 AVENUE,RIDGE BOULEVARD,Brooklyn,2,2,5/9/2018,,B-01302208,126766
INDALE AVENUE,MARINE DRIVE,HYLAN BOULEVARD,Staten Island,1,0,5/8/2018,,B-01299938 / 0129941,195726
INDALE AVENUE,MARINE DRIVE,HYLAN BOULEVARD,Staten Island,1,0,5/8/2018,,B-01299938 / 0129941,118168
EAST 17 STREET,AVENUE K,AVENUE L,Brooklyn,2,2,5/8/2018,,B-01302216,27178
EAST 17 STREET,AVENUE L,BAY AVENUE,Brooklyn,1,1,5/8/2018,,B-01302216,108104
BAINBRIDGE STREET,HOWARD AVENUE,RALPH AVENUE,Brooklyn,2,0,5/7/2018,,B-01302475,43538
CROSS BRONX EXPRESSWAY,THROGS NECK EXPRESSWAY,LOGAN AVENUE,Bronx,1,0,5/7/2018,,B-01264439,79131
CROSS BRONX EXPRESSWAY,THROGS NECK EXPRESSWAY,LOGAN AVENUE,Bronx,1,0,5/7/2018,,B-01264439,283191
CROSS BRONX EXPRESSWAY,THROGS NECK EXPRESSWAY,LOGAN AVENUE,Bronx,1,0,5/7/2018,,B-01264439,79134
CROSS BRONX EXPRESSWAY,THROGS NECK EXPRESSWAY,LOGAN AVENUE,Bronx,1,0,5/7/2018,,B-01264439,93636
CROSS BRONX EXPRESSWAY,THROGS NECK EXPRESSWAY,LOGAN AVENUE,Bronx,1,0,5/7/2018,,B-01264439,86741
CROSS BRONX EXPRESSWAY,THROGS NECK EXPRESSWAY,LOGAN AVENUE,Bronx,1,0,5/7/2018,,B-01264439,93551
CROSS BRONX EXPRESSWAY,THROGS NECK EXPRESSWAY,LOGAN AVENUE,Bronx,1,0,5/7/2018,,B-01264439,94490
CROSS BRONX EXPRESSWAY,THROGS NECK EXPRESSWAY,LOGAN AVENUE,Bronx,1,0,5/7/2018,,B-01264439,93539
CROSS BRONX EXPRESSWAY,THROGS NECK EXPRESSWAY,LOGAN AVENUE,Bronx,1,0,5/7/2018,,B-01264439,93479
CROSS BRONX EXPRESSWAY,THROGS NECK EXPRESSWAY,LOGAN AVENUE,Bronx,1,0,5/7/2018,,B-01264439,93474
CROSS BRONX EXPRESSWAY,THROGS NECK EXPRESSWAY,LOGAN AVENUE,Bronx,1,0,5/7/2018,,B-01264439,188413
CROSS BRONX EXPRESSWAY,THROGS NECK EXPRESSWAY,LOGAN AVENUE,Bronx,1,0,5/7/2018,,B-01264439,72335
CROSS BRONX EXPRESSWAY,THROGS NECK EXPRESSWAY,LOGAN AVENUE,Bronx,1,0,5/7/2018,,B-01264439,71874
CROSS BRONX EXPRESSWAY,THROGS NECK EXPRESSWAY,LOGAN AVENUE,Bronx,1,0,5/7/2018,,B-01264439,71870
CROSS BRONX EXPRESSWAY,THROGS NECK EXPRESSWAY,LOGAN AVENUE,Bronx,1,0,5/7/2018,,B-01264439,94493
CROSS BRONX EXPRESSWAY,THROGS NECK EXPRESSWAY,LOGAN AVENUE,Bronx,1,0,5/7/2018,,B-01264439,94318
CROSS BRONX EXPRESSWAY,THROGS NECK EXPRESSWAY,LOGAN AVENUE,Bronx,1,0,5/7/2018,,B-01264439,140809
CROSS BRONX EXPRESSWAY,THROGS NECK EXPRESSWAY,LOGAN AVENUE,Bronx,1,0,5/7/2018,,B-01264439,179541
CROSS BRONX EXPRESSWAY,THROGS NECK EXPRESSWAY,LOGAN AVENUE,Bronx,1,0,5/7/2018,,B-01264439,183921
CROSS BRONX EXPRESSWAY,THROGS NECK EXPRESSWAY,LOGAN AVENUE,Bronx,1,0,5/7/2018,,B-01264439,86719
CROSS BRONX EXPRESSWAY,THROGS NECK EXPRESSWAY,LOGAN AVENUE,Bronx,1,0,5/7/2018,,B-01264439,179544
CROSS BRONX EXPRESSWAY,THROGS NECK EXPRESSWAY,LOGAN AVENUE,Bronx,1,0,5/7/2018,,B-01264439,178126
CROSS BRONX EXPRESSWAY,THROGS NECK EXPRESSWAY,LOGAN AVENUE,Bronx,1,0,5/7/2018,,B-01264439,277673
CROSS BRONX EXPRESSWAY,THROGS NECK EXPRESSWAY,LOGAN AVENUE,Bronx,1,0,5/7/2018,,B-01264439,186033
CROSS BRONX EXPRESSWAY,THROGS NECK EXPRESSWAY,LOGAN AVENUE,Bronx,1,0,5/7/2018,,B-01264439,176015
CROSS BRONX EXPRESSWAY,THROGS NECK EXPRESSWAY,LOGAN AVENUE,Bronx,1,0,5/7/2018,,B-01264439,186034
CROSS BRONX EXPRESSWAY,THROGS NECK EXPRESSWAY,LOGAN AVENUE,Bronx,1,0,5/7/2018,,B-01264439,86732
CROSS BRONX EXPRESSWAY,THROGS NECK EXPRESSWAY,LOGAN AVENUE,Bronx,1,0,5/7/2018,,B-01264439,78217
CROSS BRONX EXPRESSWAY,THROGS NECK EXPRESSWAY,LOGAN AVENUE,Bronx,1,0,5/7/2018,,B-01264439,9013535
CROSS BRONX EXPRESSWAY,THROGS NECK EXPRESSWAY,LOGAN AVENUE,Bronx,1,0,5/7/2018,,B-01264439,78210
CROSS BRONX EXPRESSWAY,THROGS NECK EXPRESSWAY,LOGAN AVENUE,Bronx,1,0,5/7/2018,,B-01264439,277674
CROSS BRONX EXPRESSWAY,THROGS NECK EXPRESSWAY,LOGAN AVENUE,Bronx,1,0,5/7/2018,,B-01264439,72341
CROSS BRONX EXPRESSWAY,THROGS NECK EXPRESSWAY,LOGAN AVENUE,Bronx,1,0,5/7/2018,,B-01264439,93549
CROSS BRONX EXPRESSWAY,THROGS NECK EXPRESSWAY,LOGAN AVENUE,Bronx,1,0,5/7/2018,,B-01264439,281073
CROSS BRONX EXPRESSWAY,THROGS NECK EXPRESSWAY,LOGAN AVENUE,Bronx,1,0,5/7/2018,,B-01264439,93542
CROSS BRONX EXPRESSWAY,THROGS NECK EXPRESSWAY,LOGAN AVENUE,Bronx,1,0,5/7/2018,,B-01264439,133307
CROSS BRONX EXPRESSWAY,THROGS NECK EXPRESSWAY,LOGAN AVENUE,Bronx,1,0,5/7/2018,,B-01264439,178300
CROSS BRONX EXPRESSWAY,THROGS NECK EXPRESSWAY,LOGAN AVENUE,Bronx,1,0,5/7/2018,,B-01264439,281074
CROSS BRONX EXPRESSWAY,THROGS NECK EXPRESSWAY,LOGAN AVENUE,Bronx,1,0,5/7/2018,,B-01264439,178295
CROSS BRONX EXPRESSWAY,THROGS NECK EXPRESSWAY,LOGAN AVENUE,Bronx,1,0,5/7/2018,,B-01264439,187180
CROSS BRONX EXPRESSWAY,THROGS NECK EXPRESSWAY,LOGAN AVENUE,Bronx,1,0,5/7/2018,,B-01264439,142708
CROSS BRONX EXPRESSWAY,THROGS NECK EXPRESSWAY,LOGAN AVENUE,Bronx,1,0,5/7/2018,,B-01264439,178125
CROSS BRONX EXPRESSWAY,THROGS NECK EXPRESSWAY,LOGAN AVENUE,Bronx,1,0,5/7/2018,,B-01264439,9013536
CROSS BRONX EXPRESSWAY,THROGS NECK EXPRESSWAY,LOGAN AVENUE,Bronx,1,0,5/7/2018,,B-01264439,94328
CROSS BRONX EXPRESSWAY,THROGS NECK EXPRESSWAY,LOGAN AVENUE,Bronx,1,0,5/7/2018,,B-01264439,178296
CROSS BRONX EXPRESSWAY,THROGS NECK EXPRESSWAY,LOGAN AVENUE,Bronx,1,0,5/7/2018,,B-01264439,94325
CROSS BRONX EXPRESSWAY,THROGS NECK EXPRESSWAY,LOGAN AVENUE,Bronx,1,0,5/7/2018,,B-01264439,140810
CROSS BRONX EXPRESSWAY,THROGS NECK EXPRESSWAY,LOGAN AVENUE,Bronx,1,0,5/7/2018,,B-01264439,178136
CROSS BRONX EXPRESSWAY,THROGS NECK EXPRESSWAY,LOGAN AVENUE,Bronx,1,0,5/7/2018,,B-01264439,178135
EAST 31 STREET,BEVERLEY ROAD,TILDEN AVENUE,Brooklyn,2,0,5/4/2018,,B-01302528,28698
PELTON AVENUE,CASTLETON AVENUE,FOREST AVENUE,Staten Island,4,0,5/3/2018,,B-01299283,13654
EAST 12 STREET,WILLIAMS COURT,GILMORE COURT,Brooklyn,1,0,5/3/2018,,B-01302569,25768
BRIGHAM STREET,AVENUE V,AVENUE W,Brooklyn,2,2,5/3/2018,,B-01301482,39963
EAST 17 STREET,GLENWOOD ROAD,FOSTER AVENUE,Brooklyn,1,0,5/2/2018,,B-01301414,163674
EAST 17 STREET,GLENWOOD ROAD,FOSTER AVENUE,Brooklyn,1,0,5/2/2018,,B-01301414,163675
EAST 17 STREET,GLENWOOD ROAD,FOSTER AVENUE,Brooklyn,1,0,5/2/2018,,B-01301414,163676
EAST 17 STREET,GLENWOOD ROAD,FOSTER AVENUE,Brooklyn,1,0,5/2/2018,,B-01301414,28283
EAST 17 STREET,GLENWOOD ROAD,FOSTER AVENUE,Brooklyn,1,0,5/2/2018,,B-01301414,163673
EAST 14 STREET,AVENUE V,GRAVESEND NECK ROAD,Brooklyn,1,0,5/2/2018,,B-01302212,25978
SOBEL COURT,TARGEE STREET,BOWEN STREET,Staten Island,1,0,5/2/2018,,B-01299238 / 01299259,15105
OSGOOD AVENUE,GREENFIELD AVENUE,MOSEL AVENUE,Staten Island,1,1,5/1/2018,,B-01299378 / 01299384,114970
OSGOOD AVENUE,GREENFIELD AVENUE,MOSEL AVENUE,Staten Island,1,1,5/1/2018,,B-01299378 / 01299384,114222
OSGOOD AVENUE,FAIRWAY AVENUE,PARK HILL CIR,Staten Island,1,0,5/1/2018,,B-01299378 / 01299384,126705
OSGOOD AVENUE,FAIRWAY AVENUE,PARK HILL CIR,Staten Island,1,0,5/1/2018,,B-01299378 / 01299384,126704
EAST 17 STREET,FOSTER AVENUE,IRVINGTON PLACE,Brooklyn,1,0,5/1/2018,,B-01301391,163674
EAST 17 STREET,FOSTER AVENUE,IRVINGTON PLACE,Brooklyn,1,0,5/1/2018,,B-01301391,163673
EAST 17 STREET,IRVINGTON PLACE,DE KOVEN COURT,Brooklyn,1,0,5/1/2018,,B-01301391,28283
EAST 17 STREET,GLENWOOD ROAD,WALDORF COURT,Brooklyn,1,0,5/1/2018,,B-01301391,163487
EAST 17 STREET,GLENWOOD ROAD,WALDORF COURT,Brooklyn,1,0,5/1/2018,,B-01301391,163486
EAST 17 STREET,WALDORF COURT,WELLINGTON COURT,Brooklyn,1,0,5/1/2018,,B-01301391,27218
EAST 17 STREET,GLENWOOD ROAD,FOSTER AVENUE,Brooklyn,1,0,5/1/2018,,B-01301414,163674
EAST 17 STREET,GLENWOOD ROAD,FOSTER AVENUE,Brooklyn,1,0,5/1/2018,,B-01301414,163675
EAST 17 STREET,GLENWOOD ROAD,FOSTER AVENUE,Brooklyn,1,0,5/1/2018,,B-01301414,163676
EAST 17 STREET,GLENWOOD ROAD,FOSTER AVENUE,Brooklyn,1,0,5/1/2018,,B-01301414,28283
EAST 17 STREET,GLENWOOD ROAD,FOSTER AVENUE,Brooklyn,1,0,5/1/2018,,B-01301414,163673
EAST 17 STREET,AVENUE H,GLENWOOD ROAD,Brooklyn,2,0,5/1/2018,,B-01301414,163487
EAST 17 STREET,AVENUE H,GLENWOOD ROAD,Brooklyn,2,0,5/1/2018,,B-01301414,163486
EAST 17 STREET,AVENUE H,GLENWOOD ROAD,Brooklyn,2,0,5/1/2018,,B-01301414,27221
EAST 17 STREET,AVENUE H,GLENWOOD ROAD,Brooklyn,2,0,5/1/2018,,B-01301414,27218
PARK HILL AVENUE,SOBEL COURT,PALMA DRIVE,Staten Island,2,0,4/30/2018,,B-01299298 / 01299363,15283
EAST 34 STREET,AVENUE P,QUENTIN ROAD,Brooklyn,2,2,4/30/2018,,B-01302016,127915
EAST 34 STREET,AVENUE P,QUENTIN ROAD,Brooklyn,2,2,4/30/2018,,B-01302016,127917
EAST 34 STREET,AVENUE P,QUENTIN ROAD,Brooklyn,2,2,4/30/2018,,B-01302016,127916
EAST 34 STREET,AVENUE P,QUENTIN ROAD,Brooklyn,2,2,4/30/2018,,B-01302016,127918
KISSEL AVENUE,AMELIA COURT,WALES PLACE,Staten Island,1,0,4/27/2018,,B-01299806 / 01299813,13753
4 STREET,8 AVENUE,7 AVENUE,Brooklyn,2,2,4/27/2018,,B-01301923,28895
WEST STREET,VILLAGE ROAD EAST,GRAVESEND NECK ROAD,Brooklyn,1,0,4/26/2018,,B-01299247,25295
KISSEL AVENUE,WALNUT STREET,HENDERSON AVENUE,Staten Island,1,0,4/26/2018,,B-01299806 / 01299813,13744
KISSEL AVENUE,LINDEN STREET,WALNUT STREET,Staten Island,2,0,4/26/2018,,B-01299806 / 01299813,13741
MIDDLETON STREET,MARCY AVENUE,LEE AVENUE,Brooklyn,2,2,4/24/2018,,B-01299237,30871
AMERSFORT PLACE,EAST 26 STREET,EAST 27 STREET,Brooklyn,2,0,4/23/2018,,B-01300752,110373
AMERSFORT PLACE,EAST 26 STREET,EAST 27 STREET,Brooklyn,2,0,4/23/2018,,B-01300752,110374
EAST 57 STREET,BEVERLEY ROAD,CLARENDON ROAD,Brooklyn,1,0,4/23/2018,,B-01300778,42301
EAST 82 STREET,1 AVENUE,2 AVENUE,Manhattan,1,1,4/20/2018,,B-012279313,37744
RICHMOND STREET,JAMAICA AVENUE,ETNA STREET,Brooklyn,1,1,4/19/2018,7/3/2019,B-01298819,48333
GROVE STREET,ST NICHOLAS AVENUE,WYCKOFF AVENUE,Brooklyn,1,1,4/19/2018,,B-01299289,45260
EAST 17 STREET,AVENUE T,AVENUE S,Brooklyn,1,0,4/18/2018,,B-01300769,26023
EAST 21 STREET,AVENUE K,AVENUE L,Brooklyn,1,1,4/18/2018,,B-01300761,27297
MACDONOUGH STREET,HOWARD AVENUE,RALPH AVENUE,Brooklyn,2,2,4/17/2018,,B-01300751,43546
EAST 82 STREET,AVENUE J,AVENUE K,Brooklyn,1,1,4/13/2018,,B-01299212,42807
ST JUDE'S PLACE,SEAVIEW AVENUE,EAST 95 STREET,Brooklyn,1,1,4/10/2018,,B-01299223 / 01299237,168015
ST JUDE'S PLACE,SEAVIEW AVENUE,EAST 95 STREET,Brooklyn,1,1,4/10/2018,,B-01299223 / 01299237,168014
ST JUDE'S PLACE,SEAVIEW AVENUE,EAST 95 STREET,Brooklyn,1,1,4/10/2018,,B-01299223 / 01299237,46148
44 STREET,6 AVENUE,7 AVENUE,Brooklyn,2,0,4/9/2018,,B-01299011,20850
STERLING STREET,NEW YORK AVENUE,BROOKLYN AVENUE,Brooklyn,1,0,4/6/2018,7/19/2019,B-01299220,29711
EAST 15 STREET,ALBEMARLE ROAD,CHURCH AVENUE,Brooklyn,1,1,4/5/2018,8/31/2018,B-01293696,163670
EAST 15 STREET,ALBEMARLE ROAD,CHURCH AVENUE,Brooklyn,1,1,4/5/2018,8/31/2018,B-01293696,163669
SKILLMAN STREET,MYRTLE AVENUE,PARK AVENUE,Brooklyn,1,0,4/4/2018,,B-01296215,30846
213 STREET,58 AVENUE,56 AVENUE,Queens,1,1,4/3/2018,,B-01261790 / 01261798,181132
213 STREET,58 AVENUE,56 AVENUE,Queens,1,1,4/3/2018,,B-01261790 / 01261798,181131
213 STREET,58 AVENUE,56 AVENUE,Queens,1,1,4/3/2018,,B-01261790 / 01261798,181130
WEST 5 STREET,NEPTUNE AVENUE,WEST AVENUE,Brooklyn,1,0,3/29/2018,,B-01279874/B-01279882,163106
WEST 5 STREET,NEPTUNE AVENUE,WEST AVENUE,Brooklyn,1,0,3/29/2018,,B-01279874/B-01279882,163105
27 AVENUE,BATH AVENUE,HARWAY AVENUE,Brooklyn,1,1,3/28/2018,,B-01279852/B-01279863,19024
EAST 3 STREET,QUENTIN ROAD,KINGS HIGHWAY,Brooklyn,2,0,3/27/2018,,B-01293702,26713
MINNA STREET,MICIELI PLACE,BILLS PLACE,Brooklyn,1,0,2/27/2018,,B-01279385,21482
WEST STREET,GRAVESEND NECK ROAD,AVENUE W,Brooklyn,1,0,2/23/2018,,B-01279687,25292
RYDER STREET,AVENUE U,AVENUE V,Brooklyn,1,0,2/22/2018,,B-01279601,41073
AVENUE V,EAST 8 STREET,EAST 9 STREET,Brooklyn,1,0,2/21/2018,,B-01275750 / 01275756,25632
CHESTNUT STREET,JAMAICA AVENUE,ETNA STREET,Brooklyn,1,0,2/20/2018,,B-01279708,48337
EAST 240 STREET,MARTHA AVENUE,NEREID AVE,Bronx,1,1,11/27/2018,,B-01329392,178599
EAST 240 STREET,MARTHA AVENUE,NEREID AVE,Bronx,1,1,11/27/2018,,B-01329392,89056
PARK HILL AVENUE,SOBEL COURT,OSGOOD AVENUE,Staten Island,2,0,4/30/2018,,B-01299298 / 01299363,15319
PARK HILL AVENUE,SOBEL COURT,OSGOOD AVENUE,Staten Island,2,0,4/30/2018,,B-01299298 / 01299363,9008770
PARK HILL AVENUE,SOBEL COURT,OSGOOD AVENUE,Staten Island,2,0,4/30/2018,,B-01299298 / 01299363,15324
PARK HILL AVENUE,SOBEL COURT,OSGOOD AVENUE,Staten Island,2,0,4/30/2018,,B-01299298 / 01299363,9008771
REEVES AVENUE,153 STREET,HORACE HARDING EXPY,Queens,1,1,9/12/2018,,B-01325791 / 01325804,90452
REEVES AVENUE,153 STREET,HORACE HARDING EXPY,Queens,1,1,9/12/2018,,B-01325791 / 01325804,116742
REEVES AVENUE,153 STREET,HORACE HARDING EXPY,Queens,1,1,9/12/2018,,B-01325791 / 01325804,116743
54 PLACE,FLUSHING AVENUE,NURGE AVENUE,Queens,1,0,8/2/2018,,B-0310061,167700
HIGHLAND BOULEVARD,BARBERRY COURT,VERMONT PLACE,Brooklyn,1,0,6/11/2018,7/1/2019,B-01306234 / 01306241,47767
EAST 240 STREET,MARTHA AVENUE,NEREID AVE,Bronx,1,1,11/27/2018,,B-01329392,178599
EAST 240 STREET,MARTHA AVENUE,NEREID AVE,Bronx,1,1,11/27/2018,,B-01329392,89056
PARK HILL AVENUE,SOBEL COURT,OSGOOD AVENUE,Staten Island,2,0,4/30/2018,,B-01299298 / 01299363,15319
PARK HILL AVENUE,SOBEL COURT,OSGOOD AVENUE,Staten Island,2,0,4/30/2018,,B-01299298 / 01299363,9008770
PARK HILL AVENUE,SOBEL COURT,OSGOOD AVENUE,Staten Island,2,0,4/30/2018,,B-01299298 / 01299363,15324
PARK HILL AVENUE,SOBEL COURT,OSGOOD AVENUE,Staten Island,2,0,4/30/2018,,B-01299298 / 01299363,9008771
REEVES AVENUE,153 STREET,HORACE HARDING EXPY,Queens,1,1,9/12/2018,,B-01325791 / 01325804,90452
REEVES AVENUE,153 STREET,HORACE HARDING EXPY,Queens,1,1,9/12/2018,,B-01325791 / 01325804,116742
REEVES AVENUE,153 STREET,HORACE HARDING EXPY,Queens,1,1,9/12/2018,,B-01325791 / 01325804,116743
HIGHLAND BOULEVARD,VERMONT PLACE,JAMAICA AVENUE,Brooklyn,2,0,6/11/2018,7/1/2019,B-01306234 / 01306241,47912
EAST 240 STREET,MARTHA AVENUE,NEREID AVE,Bronx,1,1,11/27/2018,,B-01329392,178599
EAST 240 STREET,MARTHA AVENUE,NEREID AVE,Bronx,1,1,11/27/2018,,B-01329392,89056
PARK HILL AVENUE,SOBEL COURT,OSGOOD AVENUE,Staten Island,2,0,4/30/2018,,B-01299298 / 01299363,15319
PARK HILL AVENUE,SOBEL COURT,OSGOOD AVENUE,Staten Island,2,0,4/30/2018,,B-01299298 / 01299363,9008770
PARK HILL AVENUE,SOBEL COURT,OSGOOD AVENUE,Staten Island,2,0,4/30/2018,,B-01299298 / 01299363,15324
PARK HILL AVENUE,SOBEL COURT,OSGOOD AVENUE,Staten Island,2,0,4/30/2018,,B-01299298 / 01299363,9008771
REEVES AVENUE,153 STREET,HORACE HARDING EXPY,Queens,1,1,9/12/2018,,B-01325791 / 01325804,90452
REEVES AVENUE,153 STREET,HORACE HARDING EXPY,Queens,1,1,9/12/2018,,B-01325791 / 01325804,116742
REEVES AVENUE,153 STREET,HORACE HARDING EXPY,Queens,1,1,9/12/2018,,B-01325791 / 01325804,116743
WEST 17 STREET,5 AVENUE,6 AVENUE,Manhattan,2,2,8/8/2018,,B-01318854,32811
UNIVERSITY AVENUE,WEST 168 STREET,WEST 170 STREET,Bronx,3,0,12/4/2018,,B-01329328,299632
UNIVERSITY AVENUE,WEST 168 STREET,WEST 170 STREET,Bronx,3,0,12/4/2018,,B-01329328,71445
64 AVENUE,110 STREET,GRAND CENTRAL PARKWAY,Queens,1,0,6/26/2018,,B-01310208,131149
64 AVENUE,110 STREET,GRAND CENTRAL PARKWAY,Queens,1,0,6/26/2018,,B-01310208,131148
BERGEN STREET,ROCKAWAY AVENUE,THOMAS S BOYLAND STREET,Brooklyn,2,2,6/12/2018,,B-01302455,43875
MACON STREET,MALCOLM X BLVD,PATCHEN AVENUE,Brooklyn,2,0,4/12/2018,,B-01299257,43319
LEXINGTON AVENUE,MARCUS GARVEY BLVD,THROOP AVENUE,Brooklyn,2,0,4/11/2018,,B-01299289,44104
PARK AVENUE,EAST 179 STREET,EAST 178 STREET,Bronx,1,0,10/18/2018,,B-01325420,298381
STATEN ISLAND FERRY PARKING ACCESS ROAD,NO NAME STREET,STATEN ISLAND FERRY PEDESTRIAN PLAZA,STATEN ISLAND FERRY,1,0,10/24/2018,,B-01330324,315356
OCEAN PARKWAY SR,AVENUE K,AVENUE J,BROOKLYN,2,0,8/3/2018,,B-01318811,136821
